t_s,mid_ticks,inv_btc,pnl_usdt
0.004060272,8401400.5,0,0
1.004559085,8401400.5,0,0
2.004702153,8401400.5,0,0
3.004544674,8401400.5,0,0
4.005328553,8401400.5,0,0
5.005766113,8401400.5,0,0
6.005458767,8401400.5,0,0
7.006804272,8401400.5,0,0
8.006262665,8401400.5,0,0
9.006861334,8400818.5,0.02,-0.0763000000002481
10.007772608,8400600.5,0.03,-0.131650000000211
11.007591916,8400011.5,0.04,-0.357200000000305
12.007071944,8400011.5,0.04,-0.357200000000305
13.007595816,8400011.5,0.04,-0.357200000000305
14.008664554,8400011.5,0.04,-0.357200000000305
15.100135822,8400011.5,0.04,-0.357200000000305
16.101029385,8400011.5,0.04,-0.357200000000305
17.100117108,8400011.5,0.04,-0.357200000000305
18.100442301,8400011.5,0.04,-0.357200000000305
19.101426701,8400011.5,0.04,-0.357200000000305
20.099858221,8400011.5,0.04,-0.357200000000305
21.098050543,8400011.5,0.04,-0.357200000000305
22.099475114,8400011.5,0.04,-0.357200000000305
23.085471258,8400011.5,0.04,-0.357200000000305
24.08456997,8400011.5,0.04,-0.357200000000305
25.082988981,8400011.5,0.04,-0.357200000000305
26.083183113,8400011.5,0.04,-0.357200000000305
27.083654687,8400011.5,0.04,-0.357200000000305
28.083984106,8400011.5,0.04,-0.357200000000305
29.084767549,8400011.5,0.04,-0.357200000000305
30.084574367,8400011.5,0.04,-0.357200000000305
31.084391353,8400011.5,0.04,-0.357200000000305
32.085795668,8400011.5,0.04,-0.357200000000305
33.085101869,8400011.5,0.04,-0.357200000000305
34.085503165,8400011.5,0.04,-0.357200000000305
35.085758861,8400011.5,0.04,-0.357200000000305
36.086368736,8400011.5,0.04,-0.357200000000305
37.086083001,8400011.5,0.04,-0.357200000000305
38.086013474,8400011.5,0.04,-0.357200000000305
39.087048046,8400011.5,0.04,-0.357200000000305
40.087187015,8400011.5,0.04,-0.357200000000305
41.087065117,8400011.5,0.04,-0.357200000000305
42.087657642,8400011.5,0.04,-0.357200000000305
43.088615682,8400011.5,0.04,-0.357200000000305
44.087415345,8400011.5,0.04,-0.357200000000305
45.087637665,8400011.5,0.04,-0.357200000000305
46.08777478,8400011.5,0.04,-0.357200000000305
47.088072909,8400011.5,0.04,-0.357200000000305
48.089016033,8400011.5,0.04,-0.357200000000305
49.088786708,8400011.5,0.04,-0.357200000000305
50.025864564,8400011.5,0.04,-0.357200000000305
51.089520381,8400011.5,0.04,-0.357200000000305
52.090443482,8400011.5,0.04,-0.357200000000305
53.089464083,8400011.5,0.04,-0.357200000000305
54.091444918,8400011.5,0.04,-0.357200000000305
55.090278235,8400011.5,0.04,-0.357200000000305
56.090849518,8400011.5,0.04,-0.357200000000305
57.09250323,8399600.5,0.06,-0.562600000000643
58.094214017,8399600.5,0.06,-0.562600000000643
59.09101622,8398840.5,0.07,-1.08454999999993
60.091925494,8398840.5,0.07,-1.08454999999993
61.092624087,8398840.5,0.07,-1.08454999999993
62.091803962,8398840.5,0.07,-1.08454999999993
63.093694368,8398840.5,0.07,-1.08454999999993
64.093558763,8398840.5,0.07,-1.08454999999993
65.093833338,8398840.5,0.07,-1.08454999999993
66.09272466,8398840.5,0.07,-1.08454999999993
67.093530778,8398840.5,0.07,-1.08454999999993
68.093768306,8398840.5,0.07,-1.08454999999993
69.093834457,8398840.5,0.07,-1.08454999999993
70.094408468,8398840.5,0.07,-1.08454999999993
71.094719759,8398840.5,0.07,-1.08454999999993
72.095605397,8398840.5,0.07,-1.08454999999993
73.095331778,8398840.5,0.07,-1.08454999999993
74.095260461,8398840.5,0.07,-1.08454999999993
75.088558906,8398840.5,0.07,-1.08454999999993
76.089135874,8398840.5,0.07,-1.08454999999993
77.090161698,8398840.5,0.07,-1.08454999999993
78.089815601,8398840.5,0.07,-1.08454999999993
79.09061905,8398840.5,0.07,-1.08454999999993
80.090920526,8399680.5,0.06,-0.570500000000142
81.091139302,8399680.5,0.06,-0.570500000000142
82.092458104,8399680.5,0.06,-0.570500000000142
83.091611884,8399680.5,0.06,-0.570500000000142
84.093749331,8399680.5,0.06,-0.570500000000142
85.09272193,8399680.5,0.06,-0.570500000000142
86.093778842,8399680.5,0.06,-0.570500000000142
87.092965979,8399680.5,0.06,-0.570500000000142
88.092821989,8399680.5,0.06,-0.570500000000142
89.092862093,8399680.5,0.06,-0.570500000000142
90.097090401,8399680.5,0.06,-0.570500000000142
91.09407163,8399680.5,0.06,-0.570500000000142
92.092483157,8399680.5,0.06,-0.570500000000142
93.091467966,8399680.5,0.06,-0.570500000000142
94.089716247,8399680.5,0.06,-0.570500000000142
95.089941602,8399680.5,0.06,-0.570500000000142
96.089523963,8399680.5,0.06,-0.570500000000142
97.090738298,8399680.5,0.06,-0.570500000000142
98.091805025,8399680.5,0.06,-0.570500000000142
99.090024765,8399680.5,0.06,-0.570500000000142
100.090761762,8399680.5,0.06,-0.570500000000142
101.092358887,8399680.5,0.06,-0.570500000000142
102.091458579,8399680.5,0.06,-0.570500000000142
103.091899978,8399680.5,0.06,-0.570500000000142
104.092299365,8399763.5,0.06,-0.520699999999747
105.085080983,8399763.5,0.06,-0.520699999999747
106.086015253,8399763.5,0.06,-0.520699999999747
107.086372676,8399763.5,0.06,-0.520699999999747
108.087506701,8399763.5,0.06,-0.520699999999747
109.086940941,8401095.5,0.05,0.155349999999686
110.103733628,8401095.5,0.05,0.155349999999686
111.086968816,8401484.5,0.04,0.320999999999473
112.086398133,8401484.5,0.04,0.320999999999473
113.098380639,8401484.5,0.04,0.320999999999473
114.099032075,8401484.5,0.04,0.320999999999473
115.099170788,8401484.5,0.04,0.320999999999473
116.098931197,8401484.5,0.04,0.320999999999473
117.100538184,8401484.5,0.04,0.320999999999473
118.100254181,8401484.5,0.04,0.320999999999473
119.100811857,8401484.5,0.04,0.320999999999473
120.101163644,8401484.5,0.04,0.320999999999473
121.101354037,8401484.5,0.04,0.320999999999473
122.10215045,8401484.5,0.04,0.320999999999473
123.102333799,8401484.5,0.04,0.320999999999473
124.103219327,8401484.5,0.04,0.320999999999473
125.102798874,8401484.5,0.04,0.320999999999473
126.102577238,8401484.5,0.04,0.320999999999473
127.105842906,8401484.5,0.04,0.320999999999473
128.102901095,8401484.5,0.04,0.320999999999473
129.103570567,8401484.5,0.04,0.320999999999473
130.130431202,8401484.5,0.04,0.320999999999473
131.004552161,8401484.5,0.04,0.320999999999473
132.103074643,8401484.5,0.04,0.320999999999473
133.004736205,8401484.5,0.04,0.320999999999473
134.103154884,8401484.5,0.04,0.320999999999473
135.098358095,8401484.5,0.04,0.320999999999473
136.098576597,8401484.5,0.04,0.320999999999473
137.09796087,8401484.5,0.04,0.320999999999473
138.098199433,8401484.5,0.04,0.320999999999473
139.099277209,8401484.5,0.04,0.320999999999473
140.098675263,8401484.5,0.04,0.320999999999473
141.099904408,8401484.5,0.04,0.320999999999473
142.099353305,8401484.5,0.04,0.320999999999473
143.099835618,8402200.5,0.02,0.535899999999727
144.100768535,8402200.5,0.02,0.535899999999727
145.100262589,8402200.5,0.02,0.535899999999727
146.099984908,8402200.5,0.02,0.535899999999727
147.100658272,8402200.5,0.02,0.535899999999727
148.100176689,8402849.5,0,0.575999999999794
149.10074022,8403200.5,-0.01,0.550949999999803
150.100805613,8403801.5,-0.02,0.440799999999746
151.101223437,8404691.5,-0.03,0.18384999999975
152.102162556,8404691.5,-0.03,0.18384999999975
153.102440367,8404691.5,-0.03,0.18384999999975
154.101510285,8404691.5,-0.03,0.18384999999975
155.101937309,8404691.5,-0.03,0.18384999999975
156.102031748,8404691.5,-0.03,0.18384999999975
157.101503854,8404691.5,-0.03,0.18384999999975
158.10423339,8404691.5,-0.03,0.18384999999975
159.103119439,8404691.5,-0.03,0.18384999999975
160.102289107,8404691.5,-0.03,0.18384999999975
161.102835191,8404691.5,-0.03,0.18384999999975
162.103562771,8404691.5,-0.03,0.18384999999975
163.1033177,8404691.5,-0.03,0.18384999999975
164.103305854,8404691.5,-0.03,0.18384999999975
165.097108271,8404691.5,-0.03,0.18384999999975
166.097272733,8405479.5,-0.04,-0.121299999999735
167.097489283,8405479.5,-0.04,-0.121299999999735
168.097853886,8405479.5,-0.04,-0.121299999999735
169.097342669,8405479.5,-0.04,-0.121299999999735
170.099433448,8405479.5,-0.04,-0.121299999999735
171.097888668,8405479.5,-0.04,-0.121299999999735
172.098382588,8405479.5,-0.04,-0.121299999999735
173.099850519,8404691.5,-0.03,0.125149999999705
174.09809904,8404691.5,-0.03,0.125149999999705
175.098924981,8404691.5,-0.03,0.125149999999705
176.101567116,8404691.5,-0.03,0.125149999999705
177.09953745,8404691.5,-0.03,0.125149999999705
178.099491459,8404691.5,-0.03,0.125149999999705
179.100447692,8404691.5,-0.03,0.125149999999705
180.10051867,8404691.5,-0.03,0.125149999999705
181.100621455,8404691.5,-0.03,0.125149999999705
182.100335845,8404691.5,-0.03,0.125149999999705
183.101544793,8404691.5,-0.03,0.125149999999705
184.101349793,8404691.5,-0.03,0.125149999999705
185.103030261,8404691.5,-0.03,0.125149999999705
186.101604105,8404691.5,-0.03,0.125149999999705
187.102496763,8404691.5,-0.03,0.125149999999705
188.101482788,8404691.5,-0.03,0.125149999999705
189.101682646,8404691.5,-0.03,0.125149999999705
190.102253723,8405000.5,-0.04,0.0115999999999649
191.101758212,8405000.5,-0.04,0.0115999999999649
192.102164425,8405000.5,-0.04,0.0115999999999649
193.1016918,8405000.5,-0.04,0.0115999999999649
194.104492292,8405400.5,-0.05,-0.178349999999679
195.097314141,8405400.5,-0.05,-0.178349999999679
196.096807707,8405400.5,-0.05,-0.178349999999679
197.084568926,8405412.5,-0.05,-0.184349999999446
198.088920529,8405600.5,-0.06,-0.28709999999966
199.086783795,8405800.5,-0.07,-0.417049999999813
200.085540387,8405800.5,-0.07,-0.417049999999813
201.085211908,8406177.5,-0.08,-0.708599999999855
202.08912922,8406177.5,-0.08,-0.708599999999855
203.086868015,8406503.5,-0.09,-0.991949999999573
204.085451985,8406503.5,-0.09,-0.991949999999573
205.085888704,8406503.5,-0.09,-0.991949999999573
206.086910615,8406503.5,-0.09,-0.991949999999573
207.086395248,8406503.5,-0.09,-0.991949999999573
208.086864469,8406503.5,-0.09,-0.991949999999573
209.088321356,8406503.5,-0.09,-0.991949999999573
210.087994353,8406503.5,-0.09,-0.991949999999573
211.08740446,8405500.5,-0.08,-0.179499999999347
212.088340479,8405500.5,-0.08,-0.179499999999347
213.088743479,8405500.5,-0.08,-0.179499999999347
214.090370524,8404800.5,-0.07,0.320549999998935
215.088941168,8403976.5,-0.06,0.824999999998767
216.09001541,8403976.5,-0.06,0.824999999998767
217.089284364,8403976.5,-0.06,0.824999999998767
218.089693274,8403976.5,-0.06,0.824999999998767
219.091200349,8403976.5,-0.06,0.824999999998767
220.090181771,8404000.5,-0.06,0.810599999998744
221.089542369,8404000.5,-0.06,0.810599999998744
222.089431258,8404000.5,-0.06,0.810599999998744
223.09003371,8406520.5,-0.07,-0.937450000001386
224.08996868,8406521.5,-0.07,-0.938150000000873
225.085335262,8406521.5,-0.07,-0.938150000000873
226.086100874,8406678.5,-0.08,-1.05380000000066
227.085707368,8407159.5,-0.09,-1.47635000000109
228.085903194,8407159.5,-0.09,-1.47635000000109
229.086380894,8407159.5,-0.09,-1.47635000000109
230.087246894,8407160.5,-0.09,-1.47725000000076
231.088167109,8407503.5,-0.1,-1.8103000000014
232.087531334,8407503.5,-0.1,-1.8103000000014
233.086688559,8407515.5,-0.1,-1.82230000000093
234.086949943,8407515.5,-0.1,-1.82230000000093
235.087800666,8408000.5,-0.1,-2.30730000000093
236.086747908,8408000.5,-0.1,-2.30730000000093
237.087213057,8408000.5,-0.1,-2.30730000000093
238.08793889,8408000.5,-0.1,-2.30730000000093
239.09180119,8408001.5,-0.1,-2.3083000000007
240.088593332,8408712.5,-0.1,-3.01930000000047
241.088022634,8406800.5,-0.08,-1.31450000000142
242.088663913,8406800.5,-0.08,-1.31450000000142
243.088485157,8406800.5,-0.08,-1.31450000000142
244.088536919,8406800.5,-0.08,-1.31450000000142
245.088951434,8406800.5,-0.08,-1.31450000000142
246.088732413,8406800.5,-0.08,-1.31450000000142
247.012574721,8406800.5,-0.08,-1.31450000000142
248.090179007,8406800.5,-0.08,-1.31450000000142
249.089514785,8406800.5,-0.08,-1.31450000000142
250.089406516,8406800.5,-0.08,-1.31450000000142
251.089204822,8406800.5,-0.08,-1.31450000000142
252.089732724,8406800.5,-0.08,-1.31450000000142
253.090366845,8406800.5,-0.08,-1.31450000000142
254.08944357,8406800.5,-0.08,-1.31450000000142
255.084944961,8406800.5,-0.08,-1.31450000000142
256.085344269,8406800.5,-0.08,-1.31450000000142
257.085870213,8406800.5,-0.08,-1.31450000000142
258.08507397,8406800.5,-0.08,-1.31450000000142
259.085161419,8406800.5,-0.08,-1.31450000000142
260.084834275,8406800.5,-0.08,-1.31450000000142
261.085867719,8406801.5,-0.08,-1.315300000001
262.085128881,8406801.5,-0.08,-1.315300000001
263.087386044,8406801.5,-0.08,-1.315300000001
264.086325601,8406801.5,-0.08,-1.315300000001
265.085929218,8407491.5,-0.09,-1.92635000000229
266.088096015,8407491.5,-0.09,-1.92635000000229
267.086605952,8407492.5,-0.09,-1.92725000000196
268.087061774,8407493.5,-0.09,-1.92815000000164
269.087657548,8407493.5,-0.09,-1.92815000000164
270.087106204,8407741.5,-0.1,-2.16610000000069
271.087240568,8408174.5,-0.1,-2.59910000000116
272.087284617,8408175.5,-0.1,-2.60010000000092
273.088483979,8408175.5,-0.1,-2.60010000000092
274.0895331,8408175.5,-0.1,-2.60010000000092
275.089207613,8408176.5,-0.1,-2.60110000000069
276.087912471,8408288.5,-0.1,-2.71310000000139
277.087811858,8408288.5,-0.1,-2.71310000000139
278.088034812,8408288.5,-0.1,-2.71310000000139
279.088359917,8408546.5,-0.1,-2.97110000000069
280.088610513,8408547.5,-0.1,-2.97210000000046
281.089448606,8408548.5,-0.1,-2.97310000000139
282.089020653,8408549.5,-0.1,-2.97410000000116
283.099726988,8408549.5,-0.1,-2.97410000000116
284.100629442,8408549.5,-0.1,-2.97410000000116
285.096058673,8408714.5,-0.1,-3.13910000000116
286.096953391,8408715.5,-0.1,-3.14010000000092
287.096453633,8408715.5,-0.1,-3.14010000000092
288.0981202,8408883.5,-0.1,-3.30810000000139
289.095931054,8408883.5,-0.1,-3.30810000000139
290.096092748,8408883.5,-0.1,-3.30810000000139
291.097024229,8408884.5,-0.1,-3.30910000000116
292.097413865,8408885.5,-0.1,-3.31010000000092
293.096933886,8408885.5,-0.1,-3.31010000000092
294.098090891,8408885.5,-0.1,-3.31010000000092
295.098280777,8408885.5,-0.1,-3.31010000000092
296.097621329,8408885.5,-0.1,-3.31010000000092
297.098262474,8408886.5,-0.1,-3.31110000000069
298.097818646,8408886.5,-0.1,-3.31110000000069
299.098426272,8408886.5,-0.1,-3.31110000000069
300.098096858,8408886.5,-0.1,-3.31110000000069
301.098502527,8408886.5,-0.1,-3.31110000000069
302.098705138,8408886.5,-0.1,-3.31110000000069
303.099611712,8408886.5,-0.1,-3.31110000000069
304.09898027,8408886.5,-0.1,-3.31110000000069
305.098493723,8408886.5,-0.1,-3.31110000000069
306.098933774,8408886.5,-0.1,-3.31110000000069
307.099592768,8408886.5,-0.1,-3.31110000000069
308.099531082,8408886.5,-0.1,-3.31110000000069
309.100184178,8408886.5,-0.1,-3.31110000000069
310.099116747,8408886.5,-0.1,-3.31110000000069
311.100367017,8408886.5,-0.1,-3.31110000000069
312.099310664,8408886.5,-0.1,-3.31110000000069
313.100168476,8408886.5,-0.1,-3.31110000000069
314.099258792,8408886.5,-0.1,-3.31110000000069
315.095647249,8408181.5,-0.09,-2.66655000000124
316.096010354,8408181.5,-0.09,-2.66655000000124
317.095927591,8408181.5,-0.09,-2.66655000000124
318.096265438,8408181.5,-0.09,-2.66655000000124
319.099522345,8408181.5,-0.09,-2.66655000000124
320.096649465,8408181.5,-0.09,-2.66655000000124
321.096170898,8408181.5,-0.09,-2.66655000000124
322.096377433,8408181.5,-0.09,-2.66655000000124
323.09612277,8408181.5,-0.09,-2.66655000000124
324.095928574,8408181.5,-0.09,-2.66655000000124
325.096665165,8408181.5,-0.09,-2.66655000000124
326.097737878,8408181.5,-0.09,-2.66655000000124
327.098291663,8408181.5,-0.09,-2.66655000000124
328.09749091,8408181.5,-0.09,-2.66655000000124
329.098159658,8408181.5,-0.09,-2.66655000000124
330.09710031,8408181.5,-0.09,-2.66655000000124
331.098651271,8408181.5,-0.09,-2.66655000000124
332.09865167,8408181.5,-0.09,-2.66655000000124
333.099057523,8408181.5,-0.09,-2.66655000000124
334.098082738,8408181.5,-0.09,-2.66655000000124
335.098628092,8408181.5,-0.09,-2.66655000000124
336.098818136,8408181.5,-0.09,-2.66655000000124
337.098845155,8408181.5,-0.09,-2.66655000000124
338.099745889,8408181.5,-0.09,-2.66655000000124
339.101253672,8408181.5,-0.09,-2.66655000000124
340.099551035,8408181.5,-0.09,-2.66655000000124
341.102185435,8408181.5,-0.09,-2.66655000000124
342.0993769,8408181.5,-0.09,-2.66655000000124
343.099233476,8408181.5,-0.09,-2.66655000000124
344.09918498,8404787.5,-0.06,-0.103100000001464
345.094746109,8404787.5,-0.06,-0.103100000001464
346.09481918,8404787.5,-0.06,-0.103100000001464
347.095207764,8404787.5,-0.06,-0.103100000001464
348.094561185,8404787.5,-0.06,-0.103100000001464
349.095623221,8404396.5,-0.05,0.102449999998665
350.094783898,8404396.5,-0.05,0.102449999998665
351.095111779,8404396.5,-0.05,0.102449999998665
352.095225418,8404396.5,-0.05,0.102449999998665
353.094996742,8404396.5,-0.05,0.102449999998665
354.096236543,8404396.5,-0.05,0.102449999998665
355.095958732,8404396.5,-0.05,0.102449999998665
356.096559449,8404396.5,-0.05,0.102449999998665
357.098979497,8404396.5,-0.05,0.102449999998665
358.095945068,8404396.5,-0.05,0.102449999998665
359.096409327,8404396.5,-0.05,0.102449999998665
360.096774397,8404396.5,-0.05,0.102449999998665
361.097626266,8404396.5,-0.05,0.102449999998665
362.096688667,8404396.5,-0.05,0.102449999998665
363.096949748,8404396.5,-0.05,0.102449999998665
364.097275905,8404396.5,-0.05,0.102449999998665
365.09871947,8404396.5,-0.05,0.102449999998665
366.097592928,8404396.5,-0.05,0.102449999998665
367.098686676,8404396.5,-0.05,0.102449999998665
368.097671178,8404396.5,-0.05,0.102449999998665
369.098441954,8404396.5,-0.05,0.102449999998665
370.098287015,8404396.5,-0.05,0.102449999998665
371.10040202,8403142.5,-0.04,0.614099999998746
372.098462333,8403142.5,-0.04,0.614099999998746
373.098601965,8403142.5,-0.04,0.614099999998746
374.09876223,8403142.5,-0.04,0.614099999998746
375.095741378,8403142.5,-0.04,0.614099999998746
376.096696572,8403142.5,-0.04,0.614099999998746
377.095681657,8404800.5,-0.07,-0.307750000001374
378.09559801,8404800.5,-0.07,-0.307750000001374
379.096360239,8404800.5,-0.07,-0.307750000001374
380.095931829,8404800.5,-0.07,-0.307750000001374
381.096401414,8404800.5,-0.07,-0.307750000001374
382.006576066,8404800.5,-0.07,-0.307750000001374
383.097569554,8404800.5,-0.07,-0.307750000001374
384.097005185,8404800.5,-0.07,-0.307750000001374
385.100910434,8404800.5,-0.07,-0.307750000001374
386.096948514,8404800.5,-0.07,-0.307750000001374
387.102164955,8405200.5,-0.09,-0.6277500000013
388.097904094,8405200.5,-0.09,-0.6277500000013
389.09702313,8405200.5,-0.09,-0.6277500000013
390.097052022,8405200.5,-0.09,-0.6277500000013
391.096889373,8405200.5,-0.09,-0.6277500000013
392.097142566,8405200.5,-0.09,-0.6277500000013
393.099658569,8405200.5,-0.09,-0.6277500000013
394.097825451,8404953.5,-0.08,-0.420100000001361
395.098559176,8404953.5,-0.08,-0.420100000001361
396.097454329,8404953.5,-0.08,-0.420100000001361
397.097960632,8404953.5,-0.08,-0.420100000001361
398.097789179,8404953.5,-0.08,-0.420100000001361
399.098234289,8404953.5,-0.08,-0.420100000001361
400.099402699,8404953.5,-0.08,-0.420100000001361
401.098841348,8404953.5,-0.08,-0.420100000001361
402.101750908,8404953.5,-0.08,-0.420100000001361
403.098570072,8404953.5,-0.08,-0.420100000001361
404.098800541,8404953.5,-0.08,-0.420100000001361
405.095373805,8404953.5,-0.08,-0.420100000001361
406.093219635,8404953.5,-0.08,-0.420100000001361
407.093653468,8406600.5,-0.09,-1.89235000000151
408.092771788,8406600.5,-0.09,-1.89235000000151
409.094207232,8406600.5,-0.09,-1.89235000000151
410.093136991,8406600.5,-0.09,-1.89235000000151
411.093860813,8406600.5,-0.09,-1.89235000000151
412.097576158,8406345.5,-0.08,-1.67830000000176
413.093615195,8406345.5,-0.08,-1.67830000000176
414.094781775,8406800.5,-0.1,-2.08770000000313
415.095299226,8407490.5,-0.1,-2.77770000000313
416.095996377,8409454.5,-0.1,-4.74170000000336
417.095838167,8409454.5,-0.1,-4.74170000000336
418.095500662,8409454.5,-0.1,-4.74170000000336
419.095510756,8409454.5,-0.1,-4.74170000000336
420.099931782,8409454.5,-0.1,-4.74170000000336
421.097689923,8409454.5,-0.1,-4.74170000000336
422.095794501,8409454.5,-0.1,-4.74170000000336
423.096159312,8409028.5,-0.09,-4.34825000000446
424.097092596,8409028.5,-0.09,-4.34825000000446
425.096776782,8408652.5,-0.08,-4.03740000000507
426.097853307,8408652.5,-0.08,-4.03740000000507
427.097312548,8408786.5,-0.09,-4.14795000000502
428.099436083,8409499.5,-0.1,-4.85090000000589
429.098082479,8410200.5,-0.1,-5.55190000000566
430.097140694,8410298.5,-0.1,-5.64990000000612
431.098610627,8410800.5,-0.1,-6.15190000000566
432.098091048,8410800.5,-0.1,-6.15190000000566
433.098470551,8411773.5,-0.1,-7.12490000000612
434.097855877,8411999.5,-0.1,-7.35090000000589
435.091606927,8411999.5,-0.1,-7.35090000000589
436.09095553,8411999.5,-0.1,-7.35090000000589
437.091145926,8411999.5,-0.1,-7.35090000000589
438.091106149,8411999.5,-0.1,-7.35090000000589
439.091466896,8411164.5,-0.09,-6.58935000000599
440.00933947,8411164.5,-0.09,-6.58935000000599
441.092975673,8411944.5,-0.1,-7.3593000000068
442.09173903,8411944.5,-0.1,-7.3593000000068
443.092102406,8411944.5,-0.1,-7.3593000000068
444.093325615,8411944.5,-0.1,-7.3593000000068
445.092479819,8411944.5,-0.1,-7.3593000000068
446.092006419,8411944.5,-0.1,-7.3593000000068
447.09619724,8411999.5,-0.1,-7.4143000000068
448.093271471,8411999.5,-0.1,-7.4143000000068
449.093706689,8411999.5,-0.1,-7.4143000000068
450.093857926,8412200.5,-0.1,-7.61530000000657
451.094720838,8412200.5,-0.1,-7.61530000000657
452.09445818,8411999.5,-0.09,-7.42115000000676
453.094560126,8411999.5,-0.09,-7.42115000000676
454.094815767,8411999.5,-0.09,-7.42115000000676
455.094616065,8411999.5,-0.09,-7.42115000000676
456.095113953,8411999.5,-0.09,-7.42115000000676
457.095753722,8412200.5,-0.1,-7.61210000000737
458.096172732,8412200.5,-0.1,-7.61210000000737
459.095815583,8412200.5,-0.1,-7.61210000000737
460.096844179,8412200.5,-0.1,-7.61210000000737
461.096532368,8412200.5,-0.1,-7.61210000000737
462.097036802,8412200.5,-0.1,-7.61210000000737
463.097105404,8412200.5,-0.1,-7.61210000000737
464.097623974,8412200.5,-0.1,-7.61210000000737
465.092941639,8412200.5,-0.1,-7.61210000000737
466.094072537,8412200.5,-0.1,-7.61210000000737
467.093294281,8413076.5,-0.1,-8.48810000000714
468.093828752,8413076.5,-0.1,-8.48810000000714
469.093787861,8413076.5,-0.1,-8.48810000000714
470.094040209,8413076.5,-0.1,-8.48810000000714
471.095146404,8413076.5,-0.1,-8.48810000000714
472.094734204,8413076.5,-0.1,-8.48810000000714
473.094601365,8413076.5,-0.1,-8.48810000000714
474.096195377,8413076.5,-0.1,-8.48810000000714
475.094794171,8413076.5,-0.1,-8.48810000000714
476.095285495,8413076.5,-0.1,-8.48810000000714
477.095435544,8413076.5,-0.1,-8.48810000000714
478.095831901,8412941.5,-0.09,-8.35655000000779
479.096041599,8412941.5,-0.09,-8.35655000000779
480.095680524,8412941.5,-0.09,-8.35655000000779
481.097826539,8412941.5,-0.09,-8.35655000000779
482.0966519,8412941.5,-0.09,-8.35655000000779
483.097350645,8412941.5,-0.09,-8.35655000000779
484.099184038,8412941.5,-0.09,-8.35655000000779
485.096913462,8412941.5,-0.09,-8.35655000000779
486.097254691,8412941.5,-0.09,-8.35655000000779
487.097412252,8412941.5,-0.09,-8.35655000000779
488.09805414,8412941.5,-0.09,-8.35655000000779
489.09851776,8412941.5,-0.09,-8.35655000000779
490.098049711,8412941.5,-0.09,-8.35655000000779
491.098986698,8412941.5,-0.09,-8.35655000000779
492.099029278,8413783.5,-0.1,-9.18850000000722
493.098103815,8413783.5,-0.1,-9.18850000000722
494.097795388,8413783.5,-0.1,-9.18850000000722
495.094277285,8413783.5,-0.1,-9.18850000000722
496.094203086,8413783.5,-0.1,-9.18850000000722
497.094812479,8413783.5,-0.1,-9.18850000000722
498.093671279,8413783.5,-0.1,-9.18850000000722
499.093803861,8413783.5,-0.1,-9.18850000000722
500.095393538,8413783.5,-0.1,-9.18850000000722
501.094606315,8413783.5,-0.1,-9.18850000000722
502.09439972,8413783.5,-0.1,-9.18850000000722
503.100086908,8414526.5,-0.1,-9.93150000000652
504.095251206,8414526.5,-0.1,-9.93150000000652
505.095590523,8414526.5,-0.1,-9.93150000000652
506.095708527,8414526.5,-0.1,-9.93150000000652
507.096030624,8414526.5,-0.1,-9.93150000000652
508.095715711,8414526.5,-0.1,-9.93150000000652
509.095997606,8414526.5,-0.1,-9.93150000000652
510.0955798,8414526.5,-0.1,-9.93150000000652
511.096190204,8414526.5,-0.1,-9.93150000000652
512.096860857,8415457.5,-0.1,-10.8625000000063
513.09852429,8415836.5,-0.1,-11.2415000000065
514.096447924,8415836.5,-0.1,-11.2415000000065
515.097042569,8415836.5,-0.1,-11.2415000000065
516.09729112,8415836.5,-0.1,-11.2415000000065
517.097621055,8415457.5,-0.09,-10.8903500000064
518.097121261,8415457.5,-0.09,-10.8903500000064
519.097882121,8415457.5,-0.09,-10.8903500000064
520.098130379,8415457.5,-0.09,-10.8903500000064
521.097955148,8415457.5,-0.09,-10.8903500000064
522.097624602,8413600.5,-0.05,-9.59195000000736
523.098249065,8413600.5,-0.05,-9.59195000000736
524.097754248,8413600.5,-0.05,-9.59195000000736
525.092365006,8413600.5,-0.05,-9.59195000000736
526.093489261,8413600.5,-0.05,-9.59195000000736
527.092526501,8413600.5,-0.05,-9.59195000000736
528.094483867,8413600.5,-0.05,-9.59195000000736
529.092527762,8413600.5,-0.05,-9.59195000000736
530.092678067,8413600.5,-0.05,-9.59195000000736
531.092979792,8413600.5,-0.05,-9.59195000000736
532.092481885,8413600.5,-0.05,-9.59195000000736
533.092503223,8413600.5,-0.05,-9.59195000000736
534.094108015,8413600.5,-0.05,-9.59195000000736
535.093079567,8413600.5,-0.05,-9.59195000000736
536.093464519,8413600.5,-0.05,-9.59195000000736
537.093813846,8413600.5,-0.05,-9.59195000000736
538.094396006,8414442.5,-0.07,-10.1412500000075
539.094431028,8414442.5,-0.07,-10.1412500000075
540.09485022,8414442.5,-0.07,-10.1412500000075
541.094662168,8414442.5,-0.07,-10.1412500000075
542.094381445,8414442.5,-0.07,-10.1412500000075
543.094607529,8414442.5,-0.07,-10.1412500000075
544.095383305,8414442.5,-0.07,-10.1412500000075
545.096133731,8415400.5,-0.1,-10.9532000000063
546.095515578,8415599.5,-0.1,-11.1522000000065
547.095438195,8415996.5,-0.1,-11.5492000000061
548.098428076,8415996.5,-0.1,-11.5492000000061
549.096163915,8415996.5,-0.1,-11.5492000000061
550.096261528,8415996.5,-0.1,-11.5492000000061
551.095373322,8415996.5,-0.1,-11.5492000000061
552.096641621,8415996.5,-0.1,-11.5492000000061
553.096320534,8415999.5,-0.1,-11.5522000000065
554.096926214,8415999.5,-0.1,-11.5522000000065
555.092498317,8415999.5,-0.1,-11.5522000000065
556.092954194,8415999.5,-0.1,-11.5522000000065
557.093101178,8415999.5,-0.1,-11.5522000000065
558.092396681,8415999.5,-0.1,-11.5522000000065
559.092819394,8415999.5,-0.1,-11.5522000000065
560.093168153,8415999.5,-0.1,-11.5522000000065
561.093500714,8415999.5,-0.1,-11.5522000000065
562.093918797,8415999.5,-0.1,-11.5522000000065
563.092962043,8415999.5,-0.1,-11.5522000000065
564.093713388,8415999.5,-0.1,-11.5522000000065
565.09429844,8415999.5,-0.1,-11.5522000000065
566.094134947,8415999.5,-0.1,-11.5522000000065
567.094283764,8415999.5,-0.1,-11.5522000000065
568.094268819,8415999.5,-0.1,-11.5522000000065
569.094102242,8415999.5,-0.1,-11.5522000000065
570.094785662,8415999.5,-0.1,-11.5522000000065
571.094863847,8415999.5,-0.1,-11.5522000000065
572.096026575,8415999.5,-0.1,-11.5522000000065
573.095041295,8415999.5,-0.1,-11.5522000000065
574.095410436,8415999.5,-0.1,-11.5522000000065
575.095551093,8415999.5,-0.1,-11.5522000000065
576.096926569,8415400.5,-0.09,-11.0030500000062
577.095723739,8415455.5,-0.09,-11.1111500000062
578.095934802,8414721.5,-0.08,-10.5139000000048
579.095986583,8414721.5,-0.08,-10.5139000000048
580.096332098,8414721.5,-0.08,-10.5139000000048
581.102568698,8414721.5,-0.08,-10.5139000000048
582.095968699,8414721.5,-0.08,-10.5139000000048
583.09628383,8414721.5,-0.08,-10.5139000000048
584.096859683,8414721.5,-0.08,-10.5139000000048
585.091831359,8414721.5,-0.08,-10.5139000000048
586.091796163,8414721.5,-0.08,-10.5139000000048
587.091379051,8414721.5,-0.08,-10.5139000000048
588.091910814,8414721.5,-0.08,-10.5139000000048
589.093335352,8415000.5,-0.09,-10.7549500000051
590.092107722,8415000.5,-0.09,-10.7549500000051
591.09239682,8415000.5,-0.09,-10.7549500000051
592.092529445,8415855.5,-0.1,-11.5999000000057
593.092675201,8415855.5,-0.1,-11.5999000000057
594.092503986,8415855.5,-0.1,-11.5999000000057
595.092919444,8415855.5,-0.1,-11.5999000000057
596.093512083,8415855.5,-0.1,-11.5999000000057
597.09371253,8415855.5,-0.1,-11.5999000000057
598.093300726,8415199.5,-0.09,-10.9994500000059
599.093166932,8415199.5,-0.09,-10.9994500000059
600.093273525,8415199.5,-0.09,-10.9994500000059
601.093565886,8415199.5,-0.09,-10.9994500000059
602.094250078,8415199.5,-0.09,-10.9994500000059
603.094049427,8415199.5,-0.09,-10.9994500000059
604.094380201,8415199.5,-0.09,-10.9994500000059
605.093461742,8414721.5,-0.08,-10.6070000000048
606.094166834,8414721.5,-0.08,-10.6070000000048
607.094294676,8413725.5,-0.06,-9.93720000000495
608.095074744,8413725.5,-0.06,-9.93720000000495
609.095056996,8414567.5,-0.07,-10.5165500000057
610.093990409,8414567.5,-0.07,-10.5165500000057
611.095161462,8414567.5,-0.07,-10.5165500000057
612.094614249,8414567.5,-0.07,-10.5165500000057
613.095630213,8415400.5,-0.09,-11.1986500000053
614.0950808,8415400.5,-0.09,-11.1986500000053
615.094669221,8415400.5,-0.09,-11.1986500000053
616.092653756,8415999.5,-0.1,-11.7876000000061
617.092918905,8415999.5,-0.1,-11.7876000000061
618.092286901,8415999.5,-0.1,-11.7876000000061
619.082091535,8415999.5,-0.1,-11.7876000000061
620.032982288,8415999.5,-0.1,-11.7876000000061
621.084880881,8416000.5,-0.1,-11.7886000000059
622.080120251,8416825.5,-0.1,-12.6136000000059
623.166024362,8417530.5,-0.1,-13.3186000000059
624.081219051,8417948.5,-0.1,-13.7366000000063
625.168449945,8417530.5,-0.09,-13.3503500000069
626.083540869,8416000.5,-0.07,-12.1887500000061
627.488697847,8416000.5,-0.07,-12.1887500000061
628.081625977,8414528.5,-0.05,-11.3526500000066
629.081548743,8415370.5,-0.07,-11.8555500000061
630.08030529,8416072.5,-0.08,-12.4071000000062
631.081790649,8415389.5,-0.07,-11.9189500000061
632.080928482,8414422.5,-0.05,-11.3462500000058
633.081168386,8414422.5,-0.05,-11.3462500000058
634.08103469,8414422.5,-0.05,-11.3462500000058
635.083267946,8414422.5,-0.05,-11.3462500000058
636.081933897,8415996.5,-0.07,-12.3437500000058
637.081027298,8416106.5,-0.08,-12.4217000000059
638.081083577,8416106.5,-0.08,-12.4217000000059
639.08106156,8416106.5,-0.08,-12.4217000000059
640.081632162,8416106.5,-0.08,-12.4217000000059
641.081459389,8416106.5,-0.08,-12.4217000000059
642.081952878,8416106.5,-0.08,-12.4217000000059
643.081915166,8416106.5,-0.08,-12.4217000000059
644.083162218,8416106.5,-0.08,-12.4217000000059
645.091485362,8416106.5,-0.08,-12.4217000000059
646.091563605,8416106.5,-0.08,-12.4217000000059
647.09225666,8413927.5,-0.06,-10.9930000000054
648.092575455,8412600.5,-0.04,-10.3605000000056
649.092350792,8412600.5,-0.04,-10.3605000000056
650.093134236,8412600.5,-0.04,-10.3605000000056
651.092765607,8412600.5,-0.04,-10.3605000000056
652.09258894,8412600.5,-0.04,-10.3605000000056
653.093384633,8412600.5,-0.04,-10.3605000000056
654.093232523,8412600.5,-0.04,-10.3605000000056
655.093387634,8412600.5,-0.04,-10.3605000000056
656.094762795,8412600.5,-0.04,-10.3605000000056
657.092956738,8412600.5,-0.04,-10.3605000000056
658.093676025,8412998.5,-0.05,-10.5494500000057
659.093878595,8412998.5,-0.05,-10.5494500000057
660.093929104,8412998.5,-0.05,-10.5494500000057
661.094076587,8412998.5,-0.05,-10.5494500000057
662.094673706,8412998.5,-0.05,-10.5494500000057
663.09438308,8412998.5,-0.05,-10.5494500000057
664.094233986,8412998.5,-0.05,-10.5494500000057
665.094277125,8412998.5,-0.05,-10.5494500000057
666.094452176,8412998.5,-0.05,-10.5494500000057
667.095290172,8412998.5,-0.05,-10.5494500000057
668.094785525,8412999.5,-0.05,-10.5499500000056
669.094902152,8413499.5,-0.06,-10.8400000000053
670.096156507,8413499.5,-0.06,-10.8400000000053
671.095353206,8413499.5,-0.06,-10.8400000000053
672.095452572,8413499.5,-0.06,-10.8400000000053
673.095977291,8413499.5,-0.06,-10.8400000000053
674.095855128,8413499.5,-0.06,-10.8400000000053
675.09192889,8413499.5,-0.06,-10.8400000000053
676.090957112,8413499.5,-0.06,-10.8400000000053
677.091878935,8413000.5,-0.05,-10.5705500000052
678.091719849,8413000.5,-0.05,-10.5705500000052
679.092176143,8413000.5,-0.05,-10.5705500000052
680.091590417,8413000.5,-0.05,-10.5705500000052
681.09237778,8413499.5,-0.07,-10.8636500000062
682.0916739,8413499.5,-0.07,-10.8636500000062
683.09175311,8413499.5,-0.07,-10.8636500000062
684.092625986,8413499.5,-0.07,-10.8636500000062
685.093433167,8413499.5,-0.07,-10.8636500000062
686.092497619,8413499.5,-0.07,-10.8636500000062
687.092835761,8413499.5,-0.07,-10.8636500000062
688.093548829,8413499.5,-0.07,-10.8636500000062
689.092850104,8413499.5,-0.07,-10.8636500000062
690.093066858,8413499.5,-0.07,-10.8636500000062
691.093523591,8413499.5,-0.07,-10.8636500000062
692.093782004,8413499.5,-0.07,-10.8636500000062
693.095548656,8413499.5,-0.07,-10.8636500000062
694.094541487,8413499.5,-0.07,-10.8636500000062
695.094205419,8413499.5,-0.07,-10.8636500000062
696.094474243,8413499.5,-0.07,-10.8636500000062
697.094072188,8413499.5,-0.07,-10.8636500000062
698.094651514,8413499.5,-0.07,-10.8636500000062
699.09532407,8413499.5,-0.07,-10.8636500000062
700.0946583,8413000.5,-0.05,-10.5802500000057
701.095279445,8413000.5,-0.05,-10.5802500000057
702.095630336,8413000.5,-0.05,-10.5802500000057
703.095224531,8413000.5,-0.05,-10.5802500000057
704.095822976,8412731.5,-0.04,-10.462600000006
705.089284011,8412731.5,-0.04,-10.462600000006
706.089854659,8412731.5,-0.04,-10.462600000006
707.090657731,8412731.5,-0.04,-10.462600000006
708.089927839,8412731.5,-0.04,-10.462600000006
709.090322388,8412731.5,-0.04,-10.462600000006
710.090801549,8412731.5,-0.04,-10.462600000006
711.090755001,8412731.5,-0.04,-10.462600000006
712.091087235,8412731.5,-0.04,-10.462600000006
713.091360354,8412731.5,-0.04,-10.462600000006
714.090719653,8412731.5,-0.04,-10.462600000006
715.091047127,8412731.5,-0.04,-10.462600000006
716.090939634,8412731.5,-0.04,-10.462600000006
717.091416166,8412731.5,-0.04,-10.462600000006
718.09192172,8412731.5,-0.04,-10.462600000006
719.091876159,8412731.5,-0.04,-10.462600000006
720.092793213,8412731.5,-0.04,-10.462600000006
721.091862108,8412731.5,-0.04,-10.462600000006
722.092142244,8412731.5,-0.04,-10.462600000006
723.092940116,8412731.5,-0.04,-10.462600000006
724.092784182,8412731.5,-0.04,-10.462600000006
725.093505079,8412731.5,-0.04,-10.462600000006
726.092664841,8412731.5,-0.04,-10.462600000006
727.092994533,8412731.5,-0.04,-10.462600000006
728.094065484,8412731.5,-0.04,-10.462600000006
729.093022171,8412731.5,-0.04,-10.462600000006
730.09348865,8412731.5,-0.04,-10.462600000006
731.094784342,8412731.5,-0.04,-10.462600000006
732.093600394,8412731.5,-0.04,-10.462600000006
733.09357358,8412731.5,-0.04,-10.462600000006
734.096690368,8412731.5,-0.04,-10.462600000006
735.090817417,8412731.5,-0.04,-10.462600000006
736.091280024,8412731.5,-0.04,-10.462600000006
737.092141095,8412731.5,-0.04,-10.462600000006
738.091514193,8412731.5,-0.04,-10.462600000006
739.092677061,8412731.5,-0.04,-10.462600000006
740.094730064,8412731.5,-0.04,-10.462600000006
741.092365332,8412731.5,-0.04,-10.462600000006
742.092217471,8412731.5,-0.04,-10.462600000006
743.091920003,8412731.5,-0.04,-10.462600000006
744.092202893,8412731.5,-0.04,-10.462600000006
745.092627799,8412731.5,-0.04,-10.462600000006
746.092122142,8412731.5,-0.04,-10.462600000006
747.092497262,8412731.5,-0.04,-10.462600000006
748.092568899,8412731.5,-0.04,-10.462600000006
749.093153119,8412731.5,-0.04,-10.462600000006
750.089296383,8412731.5,-0.04,-10.462600000006
751.081577782,8412999.5,-0.05,-10.5865500000059
752.076068722,8412999.5,-0.05,-10.5865500000059
753.075868946,8412999.5,-0.05,-10.5865500000059
754.075879177,8412999.5,-0.05,-10.5865500000059
755.17652328,8412999.5,-0.05,-10.5865500000059
756.077107703,8412999.5,-0.05,-10.5865500000059
757.07692447,8412999.5,-0.05,-10.5865500000059
758.076544308,8412999.5,-0.05,-10.5865500000059
759.07681191,8412999.5,-0.05,-10.5865500000059
760.079278684,8412999.5,-0.05,-10.5865500000059
761.07750599,8412999.5,-0.05,-10.5865500000059
762.076566826,8412999.5,-0.05,-10.5865500000059
763.081004964,8412999.5,-0.05,-10.5865500000059
764.077931279,8412999.5,-0.05,-10.5865500000059
766.388862289,8412999.5,-0.05,-10.5865500000059
766.489287597,8412999.5,-0.05,-10.5865500000059
767.08863496,8412999.5,-0.05,-10.5865500000059
768.088889028,8412999.5,-0.05,-10.5865500000059
769.089523913,8412999.5,-0.05,-10.5865500000059
770.090194673,8412999.5,-0.05,-10.5865500000059
771.089955315,8412999.5,-0.05,-10.5865500000059
772.089808583,8412999.5,-0.05,-10.5865500000059
773.091587674,8412999.5,-0.05,-10.5865500000059
774.091253885,8412999.5,-0.05,-10.5865500000059
775.092077184,8412999.5,-0.05,-10.5865500000059
776.094930078,8412999.5,-0.05,-10.5865500000059
777.090737642,8412999.5,-0.05,-10.5865500000059
778.091640275,8412999.5,-0.05,-10.5865500000059
779.090201333,8412999.5,-0.05,-10.5865500000059
780.090906832,8412999.5,-0.05,-10.5865500000059
781.091249527,8412999.5,-0.05,-10.5865500000059
782.090613189,8412999.5,-0.05,-10.5865500000059
783.090841252,8412999.5,-0.05,-10.5865500000059
784.09118245,8412999.5,-0.05,-10.5865500000059
785.091433012,8411800.5,-0.03,-10.1667500000062
786.091406597,8411016.5,-0.01,-10.0149500000062
787.091575604,8409822.5,0.01,-10.0736500000061
788.091960532,8409822.5,0.01,-10.0736500000061
789.092711454,8409822.5,0.01,-10.0736500000061
790.091736566,8409822.5,0.01,-10.0736500000061
791.010566316,8409905.5,0.01,-10.1329500000061
792.094324853,8409905.5,0.01,-10.1329500000061
793.092203996,8409905.5,0.01,-10.1329500000061
794.092226965,8409905.5,0.01,-10.1329500000061
795.092575445,8409905.5,0.01,-10.1329500000061
796.094368048,8407984.5,0.03,-10.5752500000056
797.098820172,8407984.5,0.03,-10.5752500000056
798.091312769,8407984.5,0.03,-10.5752500000056
799.089954664,8407060.5,0.05,-10.9987500000056
800.091483376,8406401.5,0.06,-11.3841000000055
801.090846401,8406401.5,0.06,-11.3841000000055
802.091455449,8406401.5,0.06,-11.3841000000055
803.089789435,8406401.5,0.06,-11.3841000000055
804.089799308,8406401.5,0.06,-11.3841000000055
805.090942182,8406401.5,0.06,-11.3841000000055
806.090205088,8406401.5,0.06,-11.3841000000055
807.091162277,8404824.5,0.07,-12.4779500000052
808.091633611,8403372.5,0.09,-13.7125500000049
809.090820411,8403372.5,0.09,-13.7125500000049
810.092661098,8403372.5,0.09,-13.7125500000049
811.037799726,8403372.5,0.09,-13.7125500000049
812.091689563,8403000.5,0.1,-14.0745000000055
813.091401219,8403000.5,0.1,-14.0745000000055
814.092719771,8403800.5,0.09,-13.3444500000059
815.09234776,8403841.5,0.09,-13.3075500000053
816.091974209,8403841.5,0.09,-13.3075500000053
817.09182269,8403841.5,0.09,-13.3075500000053
818.093085606,8404682.5,0.08,-12.6247000000069
819.092300027,8404682.5,0.08,-12.6247000000069
820.092501368,8404682.5,0.08,-12.6247000000069
821.092820098,8404682.5,0.08,-12.6247000000069
822.093654643,8404400.5,0.09,-12.8684500000062
823.093075847,8403636.5,0.1,-13.6224000000058
824.093491027,8403636.5,0.1,-13.6224000000058
825.099847923,8403248.5,0.1,-14.0104000000051
826.094077068,8403248.5,0.1,-14.0104000000051
827.090348676,8402898.5,0.1,-14.3604000000051
828.090055003,8402898.5,0.1,-14.3604000000051
829.091307824,8402898.5,0.1,-14.3604000000051
830.090772613,8402898.5,0.1,-14.3604000000051
831.092666989,8404600.5,0.08,-12.8946000000057
832.09208922,8404600.5,0.08,-12.8946000000057
833.092023334,8406282.5,0.06,-11.781200000005
834.091023779,8406957.5,0.05,-11.4336500000046
835.090992676,8406957.5,0.05,-11.4336500000046
836.091366392,8406957.5,0.05,-11.4336500000046
837.091330081,8406957.5,0.05,-11.4336500000046
838.093669203,8406957.5,0.05,-11.4336500000046
839.091520522,8406957.5,0.05,-11.4336500000046
840.09387094,8407665.5,0.04,-11.1404000000045
841.092172297,8407665.5,0.04,-11.1404000000045
842.093030779,8407665.5,0.04,-11.1404000000045
843.0925428,8407665.5,0.04,-11.1404000000045
844.093327855,8408751.5,0.03,-10.8045500000042
845.093141162,8409592.5,0.01,-10.6754500000041
846.092877252,8410332.5,0,-10.665400000004
847.093476905,8410332.5,0,-10.665400000004
848.093242108,8410332.5,0,-10.665400000004
849.093440004,8410332.5,0,-10.665400000004
850.09476703,8410919.5,-0.01,-10.714050000004
851.107378358,8410919.5,-0.01,-10.714050000004
852.098150767,8410919.5,-0.01,-10.714050000004
853.099376697,8411640.5,-0.02,-10.8482000000038
854.104323835,8411999.5,-0.03,-10.9458500000038
855.094103977,8411999.5,-0.03,-10.9458500000038
856.094643687,8411999.5,-0.03,-10.9458500000038
857.087204515,8411999.5,-0.03,-10.9458500000038
858.089399693,8411999.5,-0.03,-10.9458500000038
859.088264417,8411200.5,-0.02,-10.7760000000038
860.076217482,8411200.5,-0.02,-10.7760000000038
861.077039682,8411200.5,-0.02,-10.7760000000038
862.077477942,8411600.5,-0.03,-10.8859500000038
863.076503865,8411411.5,-0.03,-10.8884500000041
864.078635766,8410845.5,-0.02,-10.7652000000039
865.079008953,8409599.5,0,-10.713300000004
866.081311581,8409599.5,0,-10.713300000004
867.079047007,8409599.5,0,-10.713300000004
868.078184487,8409599.5,0,-10.713300000004
869.077650557,8409599.5,0,-10.713300000004
870.008103958,8407728.5,0.03,-11.0646500000042
871.077945533,8407728.5,0.03,-11.0646500000042
872.077762549,8407728.5,0.03,-11.0646500000042
873.097226451,8407728.5,0.03,-11.0646500000042
874.081782633,8407728.5,0.03,-11.0646500000042
875.100512897,8407728.5,0.03,-11.0646500000042
876.082955381,8407728.5,0.03,-11.0646500000042
877.081586973,8407728.5,0.03,-11.0646500000042
878.079794941,8407728.5,0.03,-11.0646500000042
879.101459037,8407728.5,0.03,-11.0646500000042
880.079323804,8407728.5,0.03,-11.0646500000042
881.080018953,8407728.5,0.03,-11.0646500000042
882.079841899,8407728.5,0.03,-11.0646500000042
883.082554428,8409161.5,0.02,-10.768000000004
884.09029224,8410158.5,0,-10.744000000004
885.089808822,8410158.5,0,-10.744000000004
886.086523044,8410158.5,0,-10.744000000004
887.077450025,8410158.5,0,-10.744000000004
888.060100593,8410158.5,0,-10.744000000004
889.145051399,8410158.5,0,-10.744000000004
890.065677576,8410158.5,0,-10.744000000004
891.064360479,8410158.5,0,-10.744000000004
892.06062192,8410400.5,-0.01,-10.758150000004
893.062193937,8411339.5,-0.02,-10.9359000000039
894.061569849,8411339.5,-0.02,-10.9359000000039
895.065052618,8411339.5,-0.02,-10.9359000000039
896.082577919,8411400.5,-0.02,-10.9481000000039
897.074378382,8412372.5,-0.03,-11.2296500000037
898.065960905,8412372.5,-0.03,-11.2296500000037
899.061898358,8412372.5,-0.03,-11.2296500000037
900.064341376,8412372.5,-0.03,-11.2296500000037
901.00448045,8412600.5,-0.04,-11.3080000000035
902.061674323,8413194.5,-0.05,-11.594950000004
903.076154315,8413194.5,-0.05,-11.594950000004
904.061889407,8413194.5,-0.05,-11.594950000004
905.068424017,8413194.5,-0.05,-11.594950000004
906.069719771,8413194.5,-0.05,-11.594950000004
907.062132283,8413194.5,-0.05,-11.594950000004
908.081427902,8413194.5,-0.05,-11.594950000004
909.064821365,8413194.5,-0.05,-11.594950000004
910.070082758,8413194.5,-0.05,-11.594950000004
911.020287832,8413194.5,-0.05,-11.594950000004
912.066971786,8413194.5,-0.05,-11.594950000004
913.077749197,8413600.5,-0.06,-11.8285000000041
914.068377944,8413600.5,-0.06,-11.8285000000041
915.075885456,8413600.5,-0.06,-11.8285000000041
916.063998889,8414256.5,-0.07,-12.2776500000045
917.069437895,8414256.5,-0.07,-12.2776500000045
918.07592247,8414256.5,-0.07,-12.2776500000045
919.071249862,8414256.5,-0.07,-12.2776500000045
920.089962341,8414256.5,-0.07,-12.2776500000045
921.090607302,8414256.5,-0.07,-12.2776500000045
922.023815701,8414256.5,-0.07,-12.2776500000045
923.089408832,8414256.5,-0.07,-12.2776500000045
924.08673491,8414256.5,-0.07,-12.2776500000045
925.101732498,8414256.5,-0.07,-12.2776500000045
926.095351601,8413600.5,-0.06,-11.8740000000043
927.096128933,8413600.5,-0.06,-11.8740000000043
928.089475488,8413600.5,-0.06,-11.8740000000043
929.088487985,8413600.5,-0.06,-11.8740000000043
930.09864217,8413600.5,-0.06,-11.8740000000043
931.105315765,8413600.5,-0.06,-11.8740000000043
932.087197857,8413600.5,-0.06,-11.8740000000043
933.089432605,8413600.5,-0.06,-11.8740000000043
934.088263256,8413600.5,-0.06,-11.8740000000043
935.094457837,8413600.5,-0.06,-11.8740000000043
936.091447164,8412354.5,-0.04,-11.2956000000035
937.080233323,8412354.5,-0.04,-11.2956000000035
938.07719725,8412354.5,-0.04,-11.2956000000035
939.076626047,8412354.5,-0.04,-11.2956000000035
940.07989678,8412354.5,-0.04,-11.2956000000035
941.078130467,8412354.5,-0.04,-11.2956000000035
942.077596544,8412354.5,-0.04,-11.2956000000035
943.103008211,8412354.5,-0.04,-11.2956000000035
944.078577408,8412354.5,-0.04,-11.2956000000035
945.077854954,8412354.5,-0.04,-11.2956000000035
946.07652982,8412354.5,-0.04,-11.2956000000035
947.073573002,8412354.5,-0.04,-11.2956000000035
948.071866276,8412354.5,-0.04,-11.2956000000035
949.072537492,8412354.5,-0.04,-11.2956000000035
950.071535432,8412354.5,-0.04,-11.2956000000035
951.072361336,8412354.5,-0.04,-11.2956000000035
952.071403482,8412354.5,-0.04,-11.2956000000035
953.072398791,8412354.5,-0.04,-11.2956000000035
954.07218692,8412354.5,-0.04,-11.2956000000035
955.073129734,8412354.5,-0.04,-11.2956000000035
956.073873659,8412354.5,-0.04,-11.2956000000035
957.074477483,8413760.5,-0.07,-12.1084500000046
958.074004975,8413961.5,-0.08,-12.2592000000043
959.074341464,8413961.5,-0.08,-12.2592000000043
960.074259487,8413961.5,-0.08,-12.2592000000043
961.07525061,8413961.5,-0.08,-12.2592000000043
962.076983721,8412800.5,-0.07,-11.4364500000039
963.077177583,8412800.5,-0.07,-11.4364500000039
964.077090808,8412800.5,-0.07,-11.4364500000039
965.089312851,8412800.5,-0.07,-11.4364500000039
966.078334992,8412800.5,-0.07,-11.4364500000039
967.079479221,8412800.5,-0.07,-11.4364500000039
968.0775297,8412800.5,-0.07,-11.4364500000039
969.078238654,8412800.5,-0.07,-11.4364500000039
970.077391385,8412800.5,-0.07,-11.4364500000039
971.084218266,8412800.5,-0.07,-11.4364500000039
972.077903312,8412800.5,-0.07,-11.4364500000039
973.079018977,8412800.5,-0.07,-11.4364500000039
974.079310566,8412800.5,-0.07,-11.4364500000039
975.077794756,8412800.5,-0.07,-11.4364500000039
976.077956925,8412800.5,-0.07,-11.4364500000039
977.074054618,8412800.5,-0.07,-11.4364500000039
978.075191544,8412800.5,-0.07,-11.4364500000039
979.075650656,8412800.5,-0.07,-11.4364500000039
980.074480716,8412800.5,-0.07,-11.4364500000039
981.074385595,8412800.5,-0.07,-11.4364500000039
982.077538014,8412800.5,-0.07,-11.4364500000039
983.075564069,8412800.5,-0.07,-11.4364500000039
984.075874972,8411200.5,-0.04,-10.6038000000042
985.076100679,8410402.5,-0.03,-10.3543500000043
986.075688348,8407903.5,0,-10.0838000000044
987.076930239,8407114.5,0.01,-10.1526500000045
988.076992622,8407114.5,0.01,-10.1526500000045
989.080776359,8407114.5,0.01,-10.1526500000045
990.078292275,8407114.5,0.01,-10.1526500000045
991.077751565,8407114.5,0.01,-10.1526500000045
992.078216891,8407114.5,0.01,-10.1526500000045
993.07705835,8407114.5,0.01,-10.1526500000045
994.078727732,8407114.5,0.01,-10.1526500000045
995.078367435,8407114.5,0.01,-10.1526500000045
996.078589188,8407114.5,0.01,-10.1526500000045
997.077948791,8407114.5,0.01,-10.1526500000045
998.078163858,8407114.5,0.01,-10.1526500000045
999.078594389,8407114.5,0.01,-10.1526500000045
1000.077988247,8407955.5,0,-10.1426000000043
1001.078979439,8407955.5,0,-10.1426000000043
1002.078646688,8407955.5,0,-10.1426000000043
1003.07863052,8408796.5,-0.01,-10.2166500000043
1004.078196388,8408796.5,-0.01,-10.2166500000043
1005.078859509,8408796.5,-0.01,-10.2166500000043
1006.078880672,8408796.5,-0.01,-10.2166500000043
1007.074475156,8408796.5,-0.01,-10.2166500000043
1008.074705642,8408796.5,-0.01,-10.2166500000043
1009.075604575,8408796.5,-0.01,-10.2166500000043
1010.074689283,8408796.5,-0.01,-10.2166500000043
1011.07503999,8408796.5,-0.01,-10.2166500000043
1012.07624074,8408796.5,-0.01,-10.2166500000043
1013.077095988,8408796.5,-0.01,-10.2166500000043
1014.07500031,8408796.5,-0.01,-10.2166500000043
1015.076911535,8408796.5,-0.01,-10.2166500000043
1016.075132518,8408796.5,-0.01,-10.2166500000043
1017.077690881,8408796.5,-0.01,-10.2166500000043
1018.076257932,8408796.5,-0.01,-10.2166500000043
1019.077634041,8408796.5,-0.01,-10.2166500000043
1020.076221701,8408796.5,-0.01,-10.2166500000043
1021.0795974,8408796.5,-0.01,-10.2166500000043
1022.080417303,8408796.5,-0.01,-10.2166500000043
1023.078920027,8408796.5,-0.01,-10.2166500000043
1024.077563487,8408796.5,-0.01,-10.2166500000043
1025.077489301,8408796.5,-0.01,-10.2166500000043
1026.076971311,8408796.5,-0.01,-10.2166500000043
1027.077940354,8408796.5,-0.01,-10.2166500000043
1028.07731099,8408796.5,-0.01,-10.2166500000043
1029.078748471,8408796.5,-0.01,-10.2166500000043
1030.078271431,8408796.5,-0.01,-10.2166500000043
1031.079733357,8408796.5,-0.01,-10.2166500000043
1032.078770625,8408796.5,-0.01,-10.2166500000043
1033.077925979,8408796.5,-0.01,-10.2166500000043
1034.07872976,8408796.5,-0.01,-10.2166500000043
1035.077921207,8408796.5,-0.01,-10.2166500000043
1036.078961868,8408796.5,-0.01,-10.2166500000043
1037.073347698,8408796.5,-0.01,-10.2166500000043
1038.07639121,8409329.5,-0.02,-10.3132000000044
1039.074379964,8409329.5,-0.02,-10.3132000000044
1040.074040244,8409329.5,-0.02,-10.3132000000044
1041.074467097,8409329.5,-0.02,-10.3132000000044
1042.074095794,8410800.5,-0.03,-10.7373500000045
1043.099819582,8413452.5,-0.06,-12.0523000000042
1044.074283555,8413452.5,-0.06,-12.0523000000042
1045.074884551,8413452.5,-0.06,-12.0523000000042
1046.074788847,8413452.5,-0.06,-12.0523000000042
1047.074385784,8412005.5,-0.04,-11.3491000000043
1048.075237104,8412005.5,-0.04,-11.3491000000043
1049.075315342,8412005.5,-0.04,-11.3491000000043
1050.075926187,8412005.5,-0.04,-11.3491000000043
1051.075523221,8412005.5,-0.04,-11.3491000000043
1052.075732322,8412005.5,-0.04,-11.3491000000043
1053.076595047,8412005.5,-0.04,-11.3491000000043
1054.076847262,8412005.5,-0.04,-11.3491000000043
1055.076844206,8412005.5,-0.04,-11.3491000000043
1056.075628167,8412005.5,-0.04,-11.3491000000043
1057.076631611,8412005.5,-0.04,-11.3491000000043
1058.076077206,8412005.5,-0.04,-11.3491000000043
1059.077251531,8412005.5,-0.04,-11.3491000000043
1060.076686512,8412005.5,-0.04,-11.3491000000043
1061.078543545,8412005.5,-0.04,-11.3491000000043
1062.078133075,8412005.5,-0.04,-11.3491000000043
1063.07783798,8412005.5,-0.04,-11.3491000000043
1064.07674004,8412005.5,-0.04,-11.3491000000043
1065.076773995,8412005.5,-0.04,-11.3491000000043
1066.078008015,8412005.5,-0.04,-11.3491000000043
1067.073830328,8410760.5,-0.02,-11.059000000004
1068.072494159,8410184.5,-0.01,-10.9913500000041
1069.072269993,8410184.5,-0.01,-10.9913500000041
1070.072767809,8410184.5,-0.01,-10.9913500000041
1071.072020478,8410184.5,-0.01,-10.9913500000041
1072.083490849,8410184.5,-0.01,-10.9913500000041
1073.083916529,8410184.5,-0.01,-10.9913500000041
1074.084327409,8410184.5,-0.01,-10.9913500000041
1075.084612751,8410184.5,-0.01,-10.9913500000041
1076.085448014,8410184.5,-0.01,-10.9913500000041
1077.085312313,8410184.5,-0.01,-10.9913500000041
1078.08564124,8410184.5,-0.01,-10.9913500000041
1079.085312346,8410184.5,-0.01,-10.9913500000041
1080.086236907,8410184.5,-0.01,-10.9913500000041
1081.086525968,8410184.5,-0.01,-10.9913500000041
1082.087346995,8410184.5,-0.01,-10.9913500000041
1083.0886957,8410184.5,-0.01,-10.9913500000041
1084.088581971,8410184.5,-0.01,-10.9913500000041
1085.088469003,8410184.5,-0.01,-10.9913500000041
1086.088393118,8410184.5,-0.01,-10.9913500000041
1087.08898205,8410184.5,-0.01,-10.9913500000041
1088.089486917,8411026.5,-0.02,-11.149700000004
1089.089401748,8411026.5,-0.02,-11.149700000004
1090.089425773,8411026.5,-0.02,-11.149700000004
1091.089932032,8411026.5,-0.02,-11.149700000004
1092.089611739,8411026.5,-0.02,-11.149700000004
1093.090037083,8411026.5,-0.02,-11.149700000004
1094.089346106,8411026.5,-0.02,-11.149700000004
1095.090517948,8411026.5,-0.02,-11.149700000004
1096.089859389,8411026.5,-0.02,-11.149700000004
1097.086045894,8411026.5,-0.02,-11.149700000004
1098.08703808,8411026.5,-0.02,-11.149700000004
1099.085999461,8411026.5,-0.02,-11.149700000004
1100.085967424,8411026.5,-0.02,-11.149700000004
1101.086735156,8411513.5,-0.03,-11.2857500000042
1102.086743986,8411947.5,-0.05,-11.4418500000038
1103.085588277,8412005.5,-0.05,-11.470850000004
1104.087971326,8412005.5,-0.05,-11.470850000004
1105.086300807,8412005.5,-0.05,-11.470850000004
1106.086494239,8412005.5,-0.05,-11.470850000004
1107.086413762,8412005.5,-0.05,-11.470850000004
1108.086777343,8412005.5,-0.05,-11.470850000004
1109.087722856,8412005.5,-0.05,-11.470850000004
1110.088865753,8412005.5,-0.05,-11.470850000004
1111.090031429,8412005.5,-0.05,-11.470850000004
1112.089571919,8412005.5,-0.05,-11.470850000004
1113.087975569,8412005.5,-0.05,-11.470850000004
1114.088697917,8412143.5,-0.06,-11.5412000000045
1115.088691939,8412143.5,-0.06,-11.5412000000045
1116.088809325,8412289.5,-0.07,-11.6333500000042
1117.089447516,8412289.5,-0.07,-11.6333500000042
1118.08926138,8412999.5,-0.09,-12.1962500000042
1119.090281641,8412999.5,-0.09,-12.1962500000042
1120.089746758,8413000.5,-0.09,-12.1971500000039
1121.090137404,8413000.5,-0.09,-12.1971500000039
1122.08871612,8413000.5,-0.09,-12.1971500000039
1123.088396208,8413000.5,-0.09,-12.1971500000039
1124.088743728,8413000.5,-0.09,-12.1971500000039
1125.088712851,8413000.5,-0.09,-12.1971500000039
1126.094229383,8413430.5,-0.1,-12.6172000000045
1127.083829427,8414417.5,-0.1,-13.604200000004
1128.08489675,8415197.5,-0.1,-14.384200000004
1129.085032831,8415199.5,-0.1,-14.3862000000047
1130.084128131,8415199.5,-0.1,-14.3862000000047
1131.083623964,8415199.5,-0.1,-14.3862000000047
1132.085412833,8415199.5,-0.1,-14.3862000000047
1133.084002823,8415749.5,-0.1,-14.9362000000047
1134.083156541,8415749.5,-0.1,-14.9362000000047
1135.08330706,8415749.5,-0.1,-14.9362000000047
1136.083638049,8415749.5,-0.1,-14.9362000000047
1137.088208224,8415749.5,-0.1,-14.9362000000047
1138.08642477,8415749.5,-0.1,-14.9362000000047
1139.085121586,8415994.5,-0.1,-15.1812000000047
1140.086342607,8416499.5,-0.1,-15.6862000000047
1141.087552758,8417200.5,-0.1,-16.3872000000045
1142.08641235,8417200.5,-0.1,-16.3872000000045
1143.086487631,8417200.5,-0.1,-16.3872000000045
1144.088181234,8417200.5,-0.1,-16.3872000000045
1145.087031618,8417200.5,-0.1,-16.3872000000045
1146.087939722,8417200.5,-0.1,-16.3872000000045
1147.086702572,8417200.5,-0.1,-16.3872000000045
1148.088618714,8417200.5,-0.1,-16.3872000000045
1149.087865992,8417200.5,-0.1,-16.3872000000045
1150.087652981,8417200.5,-0.1,-16.3872000000045
1151.088037806,8417200.5,-0.1,-16.3872000000045
1152.088350827,8417200.5,-0.1,-16.3872000000045
1153.088345622,8417673.5,-0.1,-16.8602000000049
1154.088390959,8417673.5,-0.1,-16.8602000000049
1155.088220706,8417800.5,-0.1,-16.9872000000045
1156.088291714,8417800.5,-0.1,-16.9872000000045
1157.085635556,8418343.5,-0.1,-17.5302000000049
1158.073440492,8418434.5,-0.1,-17.6212000000047
1159.075067167,8418434.5,-0.1,-17.6212000000047
1160.074282549,8418434.5,-0.1,-17.6212000000047
1161.073259541,8418434.5,-0.1,-17.6212000000047
1162.074764456,8418434.5,-0.1,-17.6212000000047
1163.072796856,8419157.5,-0.1,-18.344200000004
1164.073446496,8419157.5,-0.1,-18.344200000004
1165.073218524,8419157.5,-0.1,-18.344200000004
1166.073403341,8419157.5,-0.1,-18.344200000004
1167.074206941,8417800.5,-0.09,-17.1128500000047
1168.074752424,8416000.5,-0.06,-15.8277000000056
1169.074860381,8416000.5,-0.06,-15.8277000000056
1170.074849545,8416000.5,-0.06,-15.8277000000056
1171.074996974,8415381.5,-0.05,-15.5081500000056
1172.075810124,8415381.5,-0.05,-15.5081500000056
1173.075250768,8415381.5,-0.05,-15.5081500000056
1174.075939669,8415381.5,-0.05,-15.5081500000056
1175.085878239,8414605.5,-0.04,-15.1877000000057
1176.075890546,8413561.5,-0.03,-14.8565500000056
1177.07509088,8413561.5,-0.03,-14.8565500000056
1178.075872081,8413561.5,-0.03,-14.8565500000056
1179.07718062,8413561.5,-0.03,-14.8565500000056
1180.075776435,8413561.5,-0.03,-14.8565500000056
1181.076478288,8413561.5,-0.03,-14.8565500000056
1182.076237528,8413561.5,-0.03,-14.8565500000056
1183.077651131,8413561.5,-0.03,-14.8565500000056
1184.077050668,8413561.5,-0.03,-14.8565500000056
1185.076845008,8413561.5,-0.03,-14.8565500000056
1186.076384781,8413561.5,-0.03,-14.8565500000056
1187.073002647,8413561.5,-0.03,-14.8565500000056
1188.072486373,8413561.5,-0.03,-14.8565500000056
1189.072695878,8413561.5,-0.03,-14.8565500000056
1190.072717947,8413561.5,-0.03,-14.8565500000056
1191.073164978,8413561.5,-0.03,-14.8565500000056
1192.072530652,8413561.5,-0.03,-14.8565500000056
1193.073055859,8413561.5,-0.03,-14.8565500000056
1194.072603881,8413561.5,-0.03,-14.8565500000056
1195.07313261,8413561.5,-0.03,-14.8565500000056
1196.073768663,8413561.5,-0.03,-14.8565500000056
1197.077018547,8413561.5,-0.03,-14.8565500000056
1198.073730517,8413561.5,-0.03,-14.8565500000056
1199.073953189,8413561.5,-0.03,-14.8565500000056
1200.079578115,8413561.5,-0.03,-14.8565500000056
1201.074830454,8413561.5,-0.03,-14.8565500000056
1202.297678333,8413561.5,-0.03,-14.8565500000056
1203.099663631,8414403.5,-0.04,-15.1833000000055
1204.013542141,8414403.5,-0.04,-15.1833000000055
1205.188662298,8414403.5,-0.04,-15.1833000000055
1206.195228979,8414403.5,-0.04,-15.1833000000055
1207.069708108,8414403.5,-0.04,-15.1833000000055
1208.074959432,8414403.5,-0.04,-15.1833000000055
1209.076229091,8414403.5,-0.04,-15.1833000000055
1210.079353201,8414403.5,-0.04,-15.1833000000055
1211.082885211,8414403.5,-0.04,-15.1833000000055
1212.075710079,8415245.5,-0.06,-15.6150000000052
1213.076761403,8415511.5,-0.07,-15.7911500000054
1214.08766965,8415511.5,-0.07,-15.7911500000054
1215.085304309,8415511.5,-0.07,-15.7911500000054
1216.082862715,8415511.5,-0.07,-15.7911500000054
1217.087469117,8415511.5,-0.07,-15.7911500000054
1218.072650683,8415927.5,-0.08,-16.1139000000055
1219.079739783,8415927.5,-0.08,-16.1139000000055
1220.085183233,8415927.5,-0.08,-16.1139000000055
1221.077085009,8415245.5,-0.06,-15.6319000000048
1222.076220712,8414637.5,-0.05,-15.3178500000046
1223.073615051,8414526.5,-0.04,-15.2634000000046
1224.073912194,8413835.5,-0.03,-15.0460500000053
1225.073989912,8413835.5,-0.03,-15.0460500000053
1226.075187122,8413400.5,-0.02,-14.9490000000052
1227.074021052,8413400.5,-0.02,-14.9490000000052
1228.075072492,8413400.5,-0.02,-14.9490000000052
1229.074088366,8412747.5,-0.01,-14.8736500000051
1230.074207295,8412747.5,-0.01,-14.8736500000051
1231.074081022,8412747.5,-0.01,-14.8736500000051
1232.077750286,8412747.5,-0.01,-14.8736500000051
1233.074613225,8412747.5,-0.01,-14.8736500000051
1234.074606432,8412747.5,-0.01,-14.8736500000051
1235.07639848,8412747.5,-0.01,-14.8736500000051
1236.076263645,8412747.5,-0.01,-14.8736500000051
1237.075851108,8412747.5,-0.01,-14.8736500000051
1238.075259739,8412747.5,-0.01,-14.8736500000051
1239.075057765,8412747.5,-0.01,-14.8736500000051
1240.075663497,8412747.5,-0.01,-14.8736500000051
1241.075150791,8412747.5,-0.01,-14.8736500000051
1242.080916092,8412747.5,-0.01,-14.8736500000051
1243.075297812,8412174.5,0,-14.8636000000051
1244.075832505,8412174.5,0,-14.8636000000051
1245.076001287,8412174.5,0,-14.8636000000051
1246.075674145,8412174.5,0,-14.8636000000051
1247.07321898,8412174.5,0,-14.8636000000051
1248.083447394,8412174.5,0,-14.8636000000051
1249.083880157,8412174.5,0,-14.8636000000051
1250.08382883,8412174.5,0,-14.8636000000051
1251.083698993,8412174.5,0,-14.8636000000051
1252.083447316,8412174.5,0,-14.8636000000051
1253.08362823,8412174.5,0,-14.8636000000051
1254.084174677,8412174.5,0,-14.8636000000051
1255.084739521,8412174.5,0,-14.8636000000051
1256.086670498,8412174.5,0,-14.8636000000051
1257.084991288,8412174.5,0,-14.8636000000051
1258.084685844,8412174.5,0,-14.8636000000051
1259.084461883,8413016.5,-0.01,-14.9377500000052
1260.085146674,8413016.5,-0.01,-14.9377500000052
1261.085349203,8413016.5,-0.01,-14.9377500000052
1262.085285553,8413016.5,-0.01,-14.9377500000052
1263.084949543,8413016.5,-0.01,-14.9377500000052
1264.085818189,8413016.5,-0.01,-14.9377500000052
1265.085093853,8413016.5,-0.01,-14.9377500000052
1266.085067609,8413016.5,-0.01,-14.9377500000052
1267.085444373,8413016.5,-0.01,-14.9377500000052
1268.086522055,8413016.5,-0.01,-14.9377500000052
1269.086093149,8413016.5,-0.01,-14.9377500000052
1270.088492259,8413016.5,-0.01,-14.9377500000052
1271.086352531,8413016.5,-0.01,-14.9377500000052
1272.086715635,8413858.5,-0.03,-15.1460500000053
1273.086819809,8413858.5,-0.03,-15.1460500000053
1274.086172717,8413858.5,-0.03,-15.1460500000053
1275.085982287,8413858.5,-0.03,-15.1460500000053
1276.08714773,8413858.5,-0.03,-15.1460500000053
1277.083954517,8413858.5,-0.03,-15.1460500000053
1278.084291226,8413858.5,-0.03,-15.1460500000053
1279.084597849,8413858.5,-0.03,-15.1460500000053
1280.084331736,8413858.5,-0.03,-15.1460500000053
1281.084405338,8413858.5,-0.03,-15.1460500000053
1282.085130273,8413858.5,-0.03,-15.1460500000053
1283.085039984,8413858.5,-0.03,-15.1460500000053
1284.08469388,8413858.5,-0.03,-15.1460500000053
1285.086123904,8413858.5,-0.03,-15.1460500000053
1286.085627507,8413858.5,-0.03,-15.1460500000053
1287.086201758,8414600.5,-0.04,-15.4328000000052
1288.08551819,8415441.5,-0.05,-15.8432500000052
1289.085946221,8415441.5,-0.05,-15.8432500000052
1290.086029427,8415441.5,-0.05,-15.8432500000052
1291.085726626,8415441.5,-0.05,-15.8432500000052
1292.086304076,8415441.5,-0.05,-15.8432500000052
1293.086064171,8415441.5,-0.05,-15.8432500000052
1294.085812372,8415441.5,-0.05,-15.8432500000052
1295.086290045,8415441.5,-0.05,-15.8432500000052
1296.088165301,8415441.5,-0.05,-15.8432500000052
1297.086133963,8415441.5,-0.05,-15.8432500000052
1298.08656187,8415441.5,-0.05,-15.8432500000052
1299.087367241,8415441.5,-0.05,-15.8432500000052
1300.086197142,8415441.5,-0.05,-15.8432500000052
1301.085698252,8415441.5,-0.05,-15.8432500000052
1302.087102893,8415441.5,-0.05,-15.8432500000052
1303.086554919,8415441.5,-0.05,-15.8432500000052
1304.08721732,8415441.5,-0.05,-15.8432500000052
1305.08859352,8415441.5,-0.05,-15.8432500000052
1306.087247167,8415600.5,-0.06,-15.9286000000048
1307.082622975,8415600.5,-0.06,-15.9286000000048
1308.08348591,8415800.5,-0.07,-16.058550000005
1309.082306964,8416000.5,-0.08,-16.2085000000047
1310.082785037,8416000.5,-0.08,-16.2085000000047
1311.083173661,8416184.5,-0.09,-16.3640500000055
1312.082613484,8416184.5,-0.09,-16.3640500000055
1313.083828672,8416855.5,-0.1,-17.0250000000043
1314.083239727,8417200.5,-0.1,-17.3700000000043
1315.083587808,8418000.5,-0.1,-18.1700000000043
1316.083498396,8418000.5,-0.1,-18.1700000000043
1317.084345677,8418000.5,-0.1,-18.1700000000043
1318.084185511,8418375.5,-0.1,-18.5450000000043
1319.083750404,8418375.5,-0.1,-18.5450000000043
1320.086210361,8418375.5,-0.1,-18.5450000000043
1321.084220482,8418375.5,-0.1,-18.5450000000043
1322.084669633,8419679.5,-0.1,-19.8490000000045
1323.083985835,8419679.5,-0.1,-19.8490000000045
1324.083824157,8419679.5,-0.1,-19.8490000000045
1325.084127716,8419679.5,-0.1,-19.8490000000045
1326.084359144,8419679.5,-0.1,-19.8490000000045
1327.08445743,8419679.5,-0.1,-19.8490000000045
1328.084684109,8419679.5,-0.1,-19.8490000000045
1329.085253761,8419679.5,-0.1,-19.8490000000045
1330.085413192,8419679.5,-0.1,-19.8490000000045
1331.036035052,8419679.5,-0.1,-19.8490000000045
1332.11911192,8419679.5,-0.1,-19.8490000000045
1333.104062573,8419679.5,-0.1,-19.8490000000045
1334.030798843,8419442.5,-0.09,-19.6256500000048
1335.099599056,8418800.5,-0.08,-19.1020000000041
1336.014493095,8418800.5,-0.08,-19.1020000000041
1337.070370735,8418800.5,-0.08,-19.1020000000041
1338.071910506,8418800.5,-0.08,-19.1020000000041
1339.071363127,8417400.5,-0.06,-18.1466000000039
1340.070967569,8417400.5,-0.06,-18.1466000000039
1341.070819606,8417400.5,-0.06,-18.1466000000039
1342.07151864,8417400.5,-0.06,-18.1466000000039
1343.07086472,8417400.5,-0.06,-18.1466000000039
1344.07112055,8417400.5,-0.06,-18.1466000000039
1345.071253988,8417400.5,-0.06,-18.1466000000039
1346.071363024,8417754.5,-0.07,-18.384350000004
1347.072141777,8417754.5,-0.07,-18.384350000004
1348.071070781,8417754.5,-0.07,-18.384350000004
1349.0719797,8417754.5,-0.07,-18.384350000004
1350.073129774,8417754.5,-0.07,-18.384350000004
1351.071426149,8418242.5,-0.08,-18.7647000000037
1352.071820881,8418400.5,-0.09,-18.8968500000034
1353.073471752,8418400.5,-0.09,-18.8968500000034
1354.076811821,8418808.5,-0.1,-19.2948000000034
1355.072071524,8419679.5,-0.1,-20.1658000000032
1356.072464692,8419679.5,-0.1,-20.1658000000032
1357.07376821,8419679.5,-0.1,-20.1658000000032
1358.072442153,8419679.5,-0.1,-20.1658000000032
1359.073407456,8419679.5,-0.1,-20.1658000000032
1360.077760162,8419999.5,-0.1,-20.4858000000032
1361.074100878,8419999.5,-0.1,-20.4858000000032
1362.072830071,8419999.5,-0.1,-20.4858000000032
1363.073042632,8419999.5,-0.1,-20.4858000000032
1364.075223943,8419999.5,-0.1,-20.4858000000032
1365.073561213,8419999.5,-0.1,-20.4858000000032
1366.073225461,8419999.5,-0.1,-20.4858000000032
1367.069384707,8419999.5,-0.1,-20.4858000000032
1368.070457403,8419999.5,-0.1,-20.4858000000032
1369.070538896,8419800.5,-0.09,-20.2966500000034
1370.069738952,8419800.5,-0.09,-20.2966500000034
1371.069069047,8419800.5,-0.09,-20.2966500000034
1372.069954484,8419800.5,-0.09,-20.2966500000034
1373.070026054,8419800.5,-0.09,-20.2966500000034
1374.070405676,8419800.5,-0.09,-20.2966500000034
1375.070460187,8419800.5,-0.09,-20.2966500000034
1376.071002626,8420000.5,-0.1,-20.4866000000025
1377.070289391,8420000.5,-0.1,-20.4866000000025
1378.071524877,8420505.5,-0.1,-20.9916000000025
1379.070903912,8420505.5,-0.1,-20.9916000000025
1380.07112752,8420927.5,-0.1,-21.4136000000021
1381.071745677,8421324.5,-0.1,-21.8106000000028
1382.070787197,8421349.5,-0.1,-21.8356000000028
1383.071792628,8421684.5,-0.1,-22.1706000000028
1384.071936291,8422099.5,-0.1,-22.5856000000028
1385.073144138,8422099.5,-0.1,-22.5856000000028
1386.071667708,8422099.5,-0.1,-22.5856000000028
1387.072042357,8422099.5,-0.1,-22.5856000000028
1388.072440659,8422099.5,-0.1,-22.5856000000028
1389.073215365,8422734.5,-0.1,-23.2206000000028
1390.073448523,8422734.5,-0.1,-23.2206000000028
1391.073481079,8422734.5,-0.1,-23.2206000000028
1392.074147061,8422734.5,-0.1,-23.2206000000028
1393.071992812,8422800.5,-0.1,-23.2866000000025
1394.073283547,8422800.5,-0.1,-23.2866000000025
1395.072684583,8422800.5,-0.1,-23.2866000000025
1396.072275879,8422800.5,-0.1,-23.2866000000025
1397.071095332,8422800.5,-0.1,-23.2866000000025
1398.069023963,8422800.5,-0.1,-23.2866000000025
1399.069924084,8422800.5,-0.1,-23.2866000000025
1400.07076009,8422739.5,-0.1,-23.2256000000028
1401.071265447,8422255.5,-0.09,-22.779450000003
1402.069051587,8422255.5,-0.09,-22.779450000003
1403.07013185,8422255.5,-0.09,-22.779450000003
1404.071029211,8422255.5,-0.09,-22.779450000003
1405.070298364,8422255.5,-0.09,-22.779450000003
1406.070044608,8422255.5,-0.09,-22.779450000003
1407.070608069,8422255.5,-0.09,-22.779450000003
1408.072166987,8422255.5,-0.09,-22.779450000003
1409.070471265,8422255.5,-0.09,-22.779450000003
1410.072998893,8422255.5,-0.09,-22.779450000003
1411.070872382,8422011.5,-0.08,-22.5742000000025
1412.07122331,8422011.5,-0.08,-22.5742000000025
1413.070773091,8420951.5,-0.07,-21.8221500000031
1414.070977508,8420951.5,-0.07,-21.8221500000031
1415.073958807,8420951.5,-0.07,-21.8221500000031
1416.072255083,8420951.5,-0.07,-21.8221500000031
1417.072459686,8420951.5,-0.07,-21.8221500000031
1418.071456881,8420951.5,-0.07,-21.8221500000031
1419.071597213,8420951.5,-0.07,-21.8221500000031
1420.071943685,8420951.5,-0.07,-21.8221500000031
1421.072952289,8420951.5,-0.07,-21.8221500000031
1422.083722317,8420951.5,-0.07,-21.8221500000031
1423.083503084,8420951.5,-0.07,-21.8221500000031
1424.086372303,8420951.5,-0.07,-21.8221500000031
1425.084305607,8420951.5,-0.07,-21.8221500000031
1426.084732927,8420951.5,-0.07,-21.8221500000031
1427.081336141,8420951.5,-0.07,-21.8221500000031
1428.086690357,8420951.5,-0.07,-21.8221500000031
1429.087779741,8420951.5,-0.07,-21.8221500000031
1430.085074475,8420951.5,-0.07,-21.8221500000031
1431.085082701,8420951.5,-0.07,-21.8221500000031
1432.086474204,8420951.5,-0.07,-21.8221500000031
1433.088387969,8420951.5,-0.07,-21.8221500000031
1434.105596971,8420951.5,-0.07,-21.8221500000031
1435.086935354,8420951.5,-0.07,-21.8221500000031
1436.004167389,8421200.5,-0.08,-22.0113000000025
1437.083035128,8421200.5,-0.08,-22.0113000000025
1438.084506591,8421200.5,-0.08,-22.0113000000025
1439.092308807,8421200.5,-0.08,-22.0113000000025
1440.0992912,8421200.5,-0.08,-22.0113000000025
1441.012650071,8421200.5,-0.08,-22.0113000000025
1442.088618559,8421200.5,-0.08,-22.0113000000025
1443.088720296,8421200.5,-0.08,-22.0113000000025
1444.083266408,8421200.5,-0.08,-22.0113000000025
1445.083610196,8421384.5,-0.09,-22.1668500000028
1446.083101959,8421384.5,-0.09,-22.1668500000028
1447.096572843,8421384.5,-0.09,-22.1668500000028
1448.315669483,8421384.5,-0.09,-22.1668500000028
1449.084023942,8421384.5,-0.09,-22.1668500000028
1450.083566829,8421384.5,-0.09,-22.1668500000028
1451.083727456,8421384.5,-0.09,-22.1668500000028
1452.039365556,8421384.5,-0.09,-22.1668500000028
1453.083780785,8421384.5,-0.09,-22.1668500000028
1454.086102678,8421384.5,-0.09,-22.1668500000028
1455.086290804,8420500.5,-0.07,-21.5133500000018
1456.083751431,8420500.5,-0.07,-21.5133500000018
1457.081559137,8420500.5,-0.07,-21.5133500000018
1458.081058832,8420500.5,-0.07,-21.5133500000018
1459.080951478,8420500.5,-0.07,-21.5133500000018
1460.080847141,8420500.5,-0.07,-21.5133500000018
1461.08128764,8420500.5,-0.07,-21.5133500000018
1462.08071284,8421343.5,-0.09,-22.2144500000022
1463.080967127,8421343.5,-0.09,-22.2144500000022
1464.080840758,8421343.5,-0.09,-22.2144500000022
1465.08409958,8421343.5,-0.09,-22.2144500000022
1466.08153132,8422400.5,-0.1,-23.2614000000021
1467.081902544,8422600.5,-0.1,-23.4614000000021
1468.081484946,8422600.5,-0.1,-23.4614000000021
1469.082447892,8422600.5,-0.1,-23.4614000000021
1470.082192424,8423078.5,-0.1,-23.9394000000026
1471.082118533,8423826.5,-0.1,-24.6874000000019
1472.031061351,8423826.5,-0.1,-24.6874000000019
1473.084987461,8423826.5,-0.1,-24.6874000000019
1474.082002517,8423826.5,-0.1,-24.6874000000019
1475.083276126,8423826.5,-0.1,-24.6874000000019
1476.08278654,8423826.5,-0.1,-24.6874000000019
1477.082731151,8423826.5,-0.1,-24.6874000000019
1478.082919131,8423826.5,-0.1,-24.6874000000019
1479.082838338,8423826.5,-0.1,-24.6874000000019
1480.08309057,8423826.5,-0.1,-24.6874000000019
1481.083011111,8423826.5,-0.1,-24.6874000000019
1482.083569673,8423826.5,-0.1,-24.6874000000019
1483.084035358,8423826.5,-0.1,-24.6874000000019
1484.083896272,8423826.5,-0.1,-24.6874000000019
1485.083348791,8423826.5,-0.1,-24.6874000000019
1486.08442257,8423826.5,-0.1,-24.6874000000019
1487.079553772,8423826.5,-0.1,-24.6874000000019
1488.081389675,8423826.5,-0.1,-24.6874000000019
1489.079900318,8423826.5,-0.1,-24.6874000000019
1490.081654894,8423826.5,-0.1,-24.6874000000019
1491.079996584,8423826.5,-0.1,-24.6874000000019
1492.081283454,8423826.5,-0.1,-24.6874000000019
1493.099785238,8423826.5,-0.1,-24.6874000000019
1494.006332081,8423826.5,-0.1,-24.6874000000019
1495.080616641,8423826.5,-0.1,-24.6874000000019
1496.080232821,8423826.5,-0.1,-24.6874000000019
1497.080772141,8423826.5,-0.1,-24.6874000000019
1498.080362346,8423826.5,-0.1,-24.6874000000019
1499.080726813,8423826.5,-0.1,-24.6874000000019
1500.081080721,8423826.5,-0.1,-24.6874000000019
1501.084249504,8423826.5,-0.1,-24.6874000000019
1502.081190643,8423826.5,-0.1,-24.6874000000019
1503.0815069,8423800.5,-0.1,-24.6614000000021
1504.081217144,8423800.5,-0.1,-24.6614000000021
1505.082512736,8423800.5,-0.1,-24.6614000000021
1506.081543765,8423800.5,-0.1,-24.6614000000021
1507.081633285,8423800.5,-0.1,-24.6614000000021
1508.069720861,8423800.5,-0.1,-24.6614000000021
1509.070915071,8423800.5,-0.1,-24.6614000000021
1510.071477049,8423800.5,-0.1,-24.6614000000021
1511.069972721,8423800.5,-0.1,-24.6614000000021
1512.089477286,8423800.5,-0.1,-24.6614000000021
1513.080277193,8424999.5,-0.1,-25.8604000000024
1514.071525472,8424999.5,-0.1,-25.8604000000024
1515.070577996,8424999.5,-0.1,-25.8604000000024
1516.070132108,8424999.5,-0.1,-25.8604000000024
1517.068010824,8424999.5,-0.1,-25.8604000000024
1518.067021355,8424999.5,-0.1,-25.8604000000024
1519.06636706,8424999.5,-0.1,-25.8604000000024
1520.067962794,8424999.5,-0.1,-25.8604000000024
1521.067433642,8424999.5,-0.1,-25.8604000000024
1522.067078971,8424999.5,-0.1,-25.8604000000024
1523.067530382,8424999.5,-0.1,-25.8604000000024
1524.067185391,8424999.5,-0.1,-25.8604000000024
1525.067786206,8424999.5,-0.1,-25.8604000000024
1526.068046709,8424999.5,-0.1,-25.8604000000024
1527.068051116,8424999.5,-0.1,-25.8604000000024
1528.068096068,8424999.5,-0.1,-25.8604000000024
1529.068046175,8424999.5,-0.1,-25.8604000000024
1530.069045909,8424999.5,-0.1,-25.8604000000024
1531.068495175,8424262.5,-0.09,-25.1870500000033
1532.121249936,8424262.5,-0.09,-25.1870500000033
1533.087153453,8424262.5,-0.09,-25.1870500000033
1534.064061735,8424262.5,-0.09,-25.1870500000033
1535.073775154,8424262.5,-0.09,-25.1870500000033
1536.075721994,8424262.5,-0.09,-25.1870500000033
1537.085145381,8424262.5,-0.09,-25.1870500000033
1538.070128606,8424856.5,-0.1,-25.771000000003
1539.069677246,8424856.5,-0.1,-25.771000000003
1540.070102864,8424856.5,-0.1,-25.771000000003
1541.070100058,8424856.5,-0.1,-25.771000000003
1542.070152841,8424856.5,-0.1,-25.771000000003
1543.06985875,8424856.5,-0.1,-25.771000000003
1544.069668586,8424856.5,-0.1,-25.771000000003
1545.07184365,8424856.5,-0.1,-25.771000000003
1546.07046059,8424856.5,-0.1,-25.771000000003
1547.067653834,8424856.5,-0.1,-25.771000000003
1548.067130822,8424856.5,-0.1,-25.771000000003
1549.067575331,8424856.5,-0.1,-25.771000000003
1550.067204353,8424856.5,-0.1,-25.771000000003
1551.068735742,8424999.5,-0.1,-25.9140000000035
1552.068274763,8424999.5,-0.1,-25.9140000000035
1553.06825139,8424999.5,-0.1,-25.9140000000035
1554.068260096,8424999.5,-0.1,-25.9140000000035
1555.069264989,8425784.5,-0.1,-26.6990000000035
1556.068632686,8425784.5,-0.1,-26.6990000000035
1557.068281565,8425784.5,-0.1,-26.6990000000035
1558.068222423,8425784.5,-0.1,-26.6990000000035
1559.068932739,8425972.5,-0.1,-26.8870000000028
1560.069079225,8425972.5,-0.1,-26.8870000000028
1561.068770803,8425972.5,-0.1,-26.8870000000028
1562.069196473,8425972.5,-0.1,-26.8870000000028
1563.069876869,8425972.5,-0.1,-26.8870000000028
1564.070109228,8425972.5,-0.1,-26.8870000000028
1565.070357393,8426400.5,-0.1,-27.3150000000032
1566.069913593,8426400.5,-0.1,-27.3150000000032
1567.069465036,8426400.5,-0.1,-27.3150000000032
1568.068961921,8426400.5,-0.1,-27.3150000000032
1569.069746816,8426400.5,-0.1,-27.3150000000032
1570.069608245,8426400.5,-0.1,-27.3150000000032
1571.070493984,8426400.5,-0.1,-27.3150000000032
1572.070717891,8426400.5,-0.1,-27.3150000000032
1573.070416086,8426400.5,-0.1,-27.3150000000032
1574.070398007,8426400.5,-0.1,-27.3150000000032
1575.070073747,8426400.5,-0.1,-27.3150000000032
1576.071068147,8426400.5,-0.1,-27.3150000000032
1577.06849645,8426400.5,-0.1,-27.3150000000032
1578.068037725,8426400.5,-0.1,-27.3150000000032
1579.067469244,8426400.5,-0.1,-27.3150000000032
1580.069739983,8426400.5,-0.1,-27.3150000000032
1581.068728051,8426400.5,-0.1,-27.3150000000032
1582.069065523,8426400.5,-0.1,-27.3150000000032
1583.068309125,8426400.5,-0.1,-27.3150000000032
1584.068077186,8426400.5,-0.1,-27.3150000000032
1585.068161079,8426400.5,-0.1,-27.3150000000032
1586.070167962,8426400.5,-0.1,-27.3150000000032
1587.069398715,8426400.5,-0.1,-27.3150000000032
1588.069698546,8426400.5,-0.1,-27.3150000000032
1589.06874271,8426400.5,-0.1,-27.3150000000032
1590.068498153,8426400.5,-0.1,-27.3150000000032
1591.068915274,8426400.5,-0.1,-27.3150000000032
1592.069742954,8426400.5,-0.1,-27.3150000000032
1593.069891815,8426400.5,-0.1,-27.3150000000032
1594.06907358,8426400.5,-0.1,-27.3150000000032
1595.070430746,8426400.5,-0.1,-27.3150000000032
1596.069898908,8426400.5,-0.1,-27.3150000000032
1597.082100169,8426400.5,-0.1,-27.3150000000032
1598.081893016,8426400.5,-0.1,-27.3150000000032
1599.083360691,8426400.5,-0.1,-27.3150000000032
1600.082978766,8426400.5,-0.1,-27.3150000000032
1601.082158285,8426400.5,-0.1,-27.3150000000032
1602.08245641,8426400.5,-0.1,-27.3150000000032
1603.083115705,8426400.5,-0.1,-27.3150000000032
1604.081875976,8426400.5,-0.1,-27.3150000000032
1605.083141709,8426400.5,-0.1,-27.3150000000032
1606.082810979,8426400.5,-0.1,-27.3150000000032
1607.079573421,8426400.5,-0.1,-27.3150000000032
1608.079224386,8426400.5,-0.1,-27.3150000000032
1609.079894737,8426400.5,-0.1,-27.3150000000032
1610.08053163,8426400.5,-0.1,-27.3150000000032
1611.080248133,8426400.5,-0.1,-27.3150000000032
1612.079421589,8426400.5,-0.1,-27.3150000000032
1613.080502491,8426400.5,-0.1,-27.3150000000032
1614.081673789,8426400.5,-0.1,-27.3150000000032
1615.080348147,8426400.5,-0.1,-27.3150000000032
1616.082806939,8426400.5,-0.1,-27.3150000000032
1617.0806186,8426400.5,-0.1,-27.3150000000032
1618.079804842,8426400.5,-0.1,-27.3150000000032
1619.079968529,8426400.5,-0.1,-27.3150000000032
1620.080786419,8426400.5,-0.1,-27.3150000000032
1621.081162007,8426400.5,-0.1,-27.3150000000032
1622.080553949,8426400.5,-0.1,-27.3150000000032
1623.081183515,8426400.5,-0.1,-27.3150000000032
1624.080989073,8426400.5,-0.1,-27.3150000000032
1625.080876673,8426400.5,-0.1,-27.3150000000032
1626.082347043,8426400.5,-0.1,-27.3150000000032
1627.081260848,8426400.5,-0.1,-27.3150000000032
1628.082924174,8428600.5,-0.1,-29.5150000000032
1629.082353626,8428600.5,-0.1,-29.5150000000032
1630.082105147,8428600.5,-0.1,-29.5150000000032
1631.082288102,8428600.5,-0.1,-29.5150000000032
1632.082869871,8428600.5,-0.1,-29.5150000000032
1633.082670005,8428600.5,-0.1,-29.5150000000032
1634.081981654,8428600.5,-0.1,-29.5150000000032
1635.082533291,8428600.5,-0.1,-29.5150000000032
1636.08208742,8428600.5,-0.1,-29.5150000000032
1637.07853368,8428600.5,-0.1,-29.5150000000032
1638.078039008,8428600.5,-0.1,-29.5150000000032
1639.078815091,8428993.5,-0.1,-29.9080000000037
1640.078799724,8428993.5,-0.1,-29.9080000000037
1641.078708212,8428993.5,-0.1,-29.9080000000037
1642.079978468,8428993.5,-0.1,-29.9080000000037
1643.078960035,8428993.5,-0.1,-29.9080000000037
1644.078886792,8429540.5,-0.1,-30.4550000000032
1645.078928997,8429540.5,-0.1,-30.4550000000032
1646.078849917,8429540.5,-0.1,-30.4550000000032
1647.079571172,8430942.5,-0.1,-31.8570000000028
1648.082190542,8433332.5,-0.1,-34.2470000000028
1649.079411171,8433999.5,-0.1,-34.9140000000035
1650.080387401,8433048.5,-0.08,-34.106100000003
1651.079082116,8433048.5,-0.08,-34.106100000003
1652.079310756,8432400.5,-0.07,-33.6424500000029
1653.080104379,8430942.5,-0.05,-32.8533500000026
1654.078986078,8430942.5,-0.05,-32.8533500000026
1655.080144627,8430942.5,-0.05,-32.8533500000026
1656.08065086,8430942.5,-0.05,-32.8533500000026
1657.080344803,8430942.5,-0.05,-32.8533500000026
1658.080111503,8430942.5,-0.05,-32.8533500000026
1659.080082237,8431077.5,-0.05,-32.9208500000026
1660.080651015,8431078.5,-0.05,-32.9213500000031
1661.080838123,8431078.5,-0.05,-32.9213500000031
1662.079939638,8431200.5,-0.06,-32.9846000000029
1663.080323744,8431200.5,-0.06,-32.9846000000029
1664.085788724,8431335.5,-0.07,-33.0690500000034
1665.080350306,8431335.5,-0.07,-33.0690500000034
1666.080557073,8431335.5,-0.07,-33.0690500000034
1667.077400955,8431335.5,-0.07,-33.0690500000034
1668.07726389,8431335.5,-0.07,-33.0690500000034
1669.077399464,8431467.5,-0.07,-33.1614500000033
1670.076786137,8431467.5,-0.07,-33.1614500000033
1671.077907049,8431512.5,-0.07,-33.1929500000024
1672.077309234,8433201.5,-0.09,-34.5393500000036
1673.077953969,8434763.5,-0.1,-36.0914000000032
1674.080790017,8435697.5,-0.1,-37.0254000000022
1675.077776044,8435697.5,-0.1,-37.0254000000022
1676.078775406,8435697.5,-0.1,-37.0254000000022
1677.078297333,8435697.5,-0.1,-37.0254000000022
1678.078783897,8435697.5,-0.1,-37.0254000000022
1679.078953772,8435697.5,-0.1,-37.0254000000022
1680.081205517,8435000.5,-0.09,-36.3880500000024
1681.079601357,8435009.5,-0.09,-36.396150000003
1682.078759461,8435009.5,-0.09,-36.396150000003
1683.079916126,8436200.5,-0.1,-37.5771000000021
1684.056447634,8436200.5,-0.1,-37.5771000000021
1685.186138009,8436200.5,-0.1,-37.5771000000021
1686.098214474,8436200.5,-0.1,-37.5771000000021
1687.010955949,8436362.5,-0.1,-37.7391000000016
1688.14257596,8437199.5,-0.1,-38.5761000000023
1689.166712228,8437499.5,-0.1,-38.8761000000023
1690.068232435,8437499.5,-0.1,-38.8761000000023
1691.068509502,8436504.5,-0.08,-37.9943000000023
1692.068073984,8436504.5,-0.08,-37.9943000000023
1693.069012893,8436504.5,-0.08,-37.9943000000023
1694.069303968,8436504.5,-0.08,-37.9943000000023
1695.0681164,8436504.5,-0.08,-37.9943000000023
1696.069251,8436504.5,-0.08,-37.9943000000023
1697.06400917,8436504.5,-0.08,-37.9943000000023
1698.065102171,8436504.5,-0.08,-37.9943000000023
1699.064427368,8436504.5,-0.08,-37.9943000000023
1700.065364992,8436504.5,-0.08,-37.9943000000023
1701.065357379,8436504.5,-0.08,-37.9943000000023
1702.065138495,8436400.5,-0.07,-37.911450000003
1703.065416815,8436400.5,-0.07,-37.911450000003
1704.065719131,8435853.5,-0.06,-37.5732000000029
1705.065473539,8435853.5,-0.06,-37.5732000000029
1706.066272231,8435853.5,-0.06,-37.5732000000029
1707.065960838,8435853.5,-0.06,-37.5732000000029
1708.068452989,8435853.5,-0.06,-37.5732000000029
1709.07749544,8435853.5,-0.06,-37.5732000000029
1710.06719676,8435853.5,-0.06,-37.5732000000029
1711.066705552,8435853.5,-0.06,-37.5732000000029
1712.066324736,8435853.5,-0.06,-37.5732000000029
1713.065914876,8435853.5,-0.06,-37.5732000000029
1714.066476375,8435853.5,-0.06,-37.5732000000029
1715.066581145,8435853.5,-0.06,-37.5732000000029
1716.066735209,8435853.5,-0.06,-37.5732000000029
1717.06699143,8435853.5,-0.06,-37.5732000000029
1718.066772661,8435853.5,-0.06,-37.5732000000029
1719.066610332,8435853.5,-0.06,-37.5732000000029
1720.067427368,8435853.5,-0.06,-37.5732000000029
1721.068636119,8435853.5,-0.06,-37.5732000000029
1722.068063784,8435853.5,-0.06,-37.5732000000029
1723.067388546,8435853.5,-0.06,-37.5732000000029
1724.068562828,8435853.5,-0.06,-37.5732000000029
1725.067576921,8435853.5,-0.06,-37.5732000000029
1726.069371244,8435853.5,-0.06,-37.5732000000029
1727.065378541,8435853.5,-0.06,-37.5732000000029
1728.066331421,8435853.5,-0.06,-37.5732000000029
1729.068475715,8435853.5,-0.06,-37.5732000000029
1730.081754144,8435853.5,-0.06,-37.5732000000029
1731.067145089,8435401.5,-0.05,-37.3371500000033
1732.067384683,8435401.5,-0.05,-37.3371500000033
1733.067531292,8435401.5,-0.05,-37.3371500000033
1734.066489755,8435000.5,-0.04,-37.1667000000033
1735.066418343,8435000.5,-0.04,-37.1667000000033
1736.067562696,8435000.5,-0.04,-37.1667000000033
1737.067609894,8435000.5,-0.04,-37.1667000000033
1738.067446532,8433984.5,-0.03,-36.8518500000036
1739.067381672,8433984.5,-0.03,-36.8518500000036
1740.067451541,8433984.5,-0.03,-36.8518500000036
1741.068457565,8433984.5,-0.03,-36.8518500000036
1742.069035699,8433984.5,-0.03,-36.8518500000036
1743.070013574,8433984.5,-0.03,-36.8518500000036
1744.077225399,8434600.5,-0.04,-37.0882000000035
1745.069480994,8434600.5,-0.04,-37.0882000000035
1746.069721618,8434600.5,-0.04,-37.0882000000035
1747.067673097,8434600.5,-0.04,-37.0882000000035
1748.068259511,8434600.5,-0.04,-37.0882000000035
1749.069896805,8434600.5,-0.04,-37.0882000000035
1750.068945855,8434600.5,-0.04,-37.0882000000035
1751.068590892,8434600.5,-0.04,-37.0882000000035
1752.06959291,8434600.5,-0.04,-37.0882000000035
1753.07054155,8434600.5,-0.04,-37.0882000000035
1754.068959327,8434600.5,-0.04,-37.0882000000035
1755.068934347,8434600.5,-0.04,-37.0882000000035
1756.069483436,8434600.5,-0.04,-37.0882000000035
1757.064719504,8434600.5,-0.04,-37.0882000000035
1758.064653085,8434600.5,-0.04,-37.0882000000035
1759.064868122,8434600.5,-0.04,-37.0882000000035
1760.064608211,8434600.5,-0.04,-37.0882000000035
1761.064450949,8434600.5,-0.04,-37.0882000000035
1762.064846706,8434600.5,-0.04,-37.0882000000035
1763.064585459,8434600.5,-0.04,-37.0882000000035
1764.06502042,8434600.5,-0.04,-37.0882000000035
1765.065179586,8434600.5,-0.04,-37.0882000000035
1766.066546561,8434600.5,-0.04,-37.0882000000035
1767.065343509,8434600.5,-0.04,-37.0882000000035
1768.066035523,8434600.5,-0.04,-37.0882000000035
1769.065857858,8434600.5,-0.04,-37.0882000000035
