strategy,fill,gamma,k,tau,half_spread,latency_ms,fee_bps,size_lots,duration_s,fills,buys,sells,volume_btc,notional,spread_capture,inventory_pnl,fees,total_pnl,max_abs_inv,mean_abs_inv,final_inv,edge_ticks,markout1,markout5,markout30,realized1,realized5,realized30,wait_s,live_frac,cancels,post_only_rejects,gaps,dataset,label
touch,queue,0.1,0.00243,30,2,10,0,1000,1769.1,1246,500,746,4.38825,369184.46,-0.2938,-51.2469,0.0,-51.5407,0.10597,0.07356,-0.03025,-2.0341,-471.7476,-754.8189,-874.8054,-473.7817,-756.855,-876.8487,3.174,0.6012,434,0,0,btcusdt_a,touch
touch,queue,0.1,0.00243,30,2,0,0,1000,1769.1,1304,509,795,4.42873,372592.96,-0.165,-51.1251,0.0,-51.2901,0.10597,0.07351,-0.03073,-0.3692,-495.811,-771.1546,-898.2479,-496.1802,-771.5246,-898.6245,2.981,0.6039,432,0,0,btcusdt_a,touch
touch,queue,0.1,0.00243,30,2,50,0,1000,1769.1,1177,455,722,4.36825,367499.58,-1.5208,-50.1399,0.0,-51.6607,0.10597,0.07362,-0.03025,-12.6062,-463.9014,-732.4804,-785.6984,-476.5076,-745.0978,-798.4049,3.34,0.6021,434,0,0,btcusdt_a,touch
touch,queue,0.1,0.00243,30,2,200,0,1000,1769.1,887,354,533,3.48031,292786.96,-0.685,-43.5739,0.0,-44.2589,0.10503,0.07724,-0.03037,-7.4188,-422.1995,-647.8555,-852.3561,-429.6184,-655.2833,-859.847,3.862,0.5714,330,0,0,btcusdt_a,touch
touch,optimistic,0.1,0.00243,30,2,10,0,1000,1769.1,8693,3842,4851,17.79759,1497117.13,-0.2365,-41.1383,0.0,-41.3748,0.10967,0.07516,-0.02427,0.1271,-213.2969,-375.2023,-519.4321,-213.17,-375.0757,-519.3073,1.211,0.6143,481,0,0,btcusdt_a,touch
touch,queue,0.1,0.00243,30,2,10,10,1000,1769.1,1246,500,746,4.38825,369184.46,-0.2938,-51.2469,369.1845,-420.7251,0.10597,0.07356,-0.03025,-2.0341,-471.7476,-754.8189,-874.8054,-473.7817,-756.855,-876.8487,3.174,0.6012,434,0,0,btcusdt_a,touch
touch,queue,0.1,0.00243,30,2,10,1,1000,1769.1,1246,500,746,4.38825,369184.46,-0.2938,-51.2469,36.9184,-88.4591,0.10597,0.07356,-0.03025,-2.0341,-471.7476,-754.8189,-874.8054,-473.7817,-756.855,-876.8487,3.174,0.6012,434,0,0,btcusdt_a,touch
touch,queue,0.1,0.00243,30,2,10,-0.5,1000,1769.1,1246,500,746,4.38825,369184.46,-0.2938,-51.2469,-18.4592,-33.0815,0.10597,0.07356,-0.03025,-2.0341,-471.7476,-754.8189,-874.8054,-473.7817,-756.855,-876.8487,3.174,0.6012,434,0,0,btcusdt_a,touch
fixed,queue,0.1,0.00243,30,2,10,0,1000,1769.1,512,235,277,2.97031,249895.13,-0.318,-44.1875,0.0,-44.5055,0.10969,0.06665,-0.05031,-5.2393,-838.0107,-1106.6787,-1358.3271,-843.25,-1111.918,-1363.5845,6.334,0.69,409,0,0,btcusdt_a,fixed h=2
fixed,queue,0.1,0.00243,30,2,0,0,1000,1769.1,514,237,277,2.97031,249895.05,-0.1908,-44.3972,0.0,-44.588,0.10969,0.06704,-0.05031,-2.7344,-837.5905,-1094.6547,-1338.7916,-840.3249,-1097.3891,-1341.5294,6.338,0.6833,406,0,0,btcusdt_a,fixed h=2
fixed,queue,0.1,0.00243,30,2,50,0,1000,1769.1,512,235,277,2.97031,249895.13,-1.2548,-43.2507,0.0,-44.5055,0.10969,0.06665,-0.05031,-23.5352,-822.1465,-1088.3828,-1339.9234,-845.6816,-1111.918,-1363.5845,6.315,0.6899,409,0,0,btcusdt_a,fixed h=2
fixed,queue,0.1,0.00243,30,2,200,0,1000,1769.1,410,190,220,2.27,190974.67,-0.6435,-41.4706,0.0,-42.114,0.1,0.07055,-0.05,-14.639,-868.9756,-1112.9341,-1280.1887,-883.6146,-1127.5732,-1294.9118,7.255,0.6463,313,0,0,btcusdt_a,fixed h=2
fixed,optimistic,0.1,0.00243,30,2,10,0,1000,1769.1,580,280,300,2.97031,249895.13,-0.3176,-44.1879,0.0,-44.5055,0.10969,0.06665,-0.05031,-4.3181,-844.5836,-1122.0371,-1338.2314,-848.9017,-1126.3552,-1342.5607,6.333,0.69,409,0,0,btcusdt_a,fixed h=2
fixed,queue,0.1,0.00243,30,2,10,10,1000,1769.1,512,235,277,2.97031,249895.13,-0.318,-44.1875,249.8951,-294.4006,0.10969,0.06665,-0.05031,-5.2393,-838.0107,-1106.6787,-1358.3271,-843.25,-1111.918,-1363.5845,6.334,0.69,409,0,0,btcusdt_a,fixed h=2
fixed,queue,0.1,0.00243,30,2,10,1,1000,1769.1,512,235,277,2.97031,249895.13,-0.318,-44.1875,24.9895,-69.495,0.10969,0.06665,-0.05031,-5.2393,-838.0107,-1106.6787,-1358.3271,-843.25,-1111.918,-1363.5845,6.334,0.69,409,0,0,btcusdt_a,fixed h=2
fixed,queue,0.1,0.00243,30,2,10,-0.5,1000,1769.1,512,235,277,2.97031,249895.13,-0.318,-44.1875,-12.4948,-32.0107,0.10969,0.06665,-0.05031,-5.2393,-838.0107,-1106.6787,-1358.3271,-843.25,-1111.918,-1363.5845,6.334,0.69,409,0,0,btcusdt_a,fixed h=2
fixed,queue,0.1,0.00243,30,10,10,0,1000,1769.1,297,149,148,2.91,244820.26,-0.0868,-44.9968,0.0,-45.0836,0.1,0.06735,-0.05,-2.7104,-820.9108,-1136.904,-1357.9237,-823.6212,-1139.6145,-1360.6763,5.192,0.6778,411,0,0,btcusdt_a,fixed h=10
fixed,queue,0.1,0.00243,30,10,0,0,1000,1769.1,298,150,148,2.91,244820.18,0.0404,-45.2065,0.0,-45.1661,0.1,0.06775,-0.05,1.6023,-819.5721,-1124.2869,-1333.1841,-817.9698,-1122.6846,-1331.5946,5.18,0.6711,408,0,0,btcusdt_a,fixed h=10
fixed,queue,0.1,0.00243,30,10,50,0,1000,1769.1,299,150,149,2.93,246502.67,-1.022,-44.0595,0.0,-45.0815,0.1,0.06709,-0.05,-33.9682,-794.7893,-1107.3679,-1338.0101,-828.7575,-1141.3361,-1372.2306,5.245,0.6836,410,0,0,btcusdt_a,fixed h=10
fixed,queue,0.1,0.00243,30,10,200,0,1000,1769.1,231,116,115,2.25,189290.14,-0.4645,-41.4553,0.0,-41.9198,0.1,0.07093,-0.05,-19.8333,-862.9567,-1145.8831,-1263.987,-882.79,-1165.7165,-1283.9522,6.527,0.6463,315,0,0,btcusdt_a,fixed h=10
fixed,optimistic,0.1,0.00243,30,10,10,0,1000,1769.1,300,152,148,2.91,244820.26,-0.0868,-44.9968,0.0,-45.0836,0.1,0.06735,-0.05,-2.5783,-822.395,-1134.9517,-1372.4111,-824.9733,-1137.53,-1375.0302,5.148,0.6778,411,0,0,btcusdt_a,fixed h=10
fixed,queue,0.1,0.00243,30,10,10,10,1000,1769.1,297,149,148,2.91,244820.26,-0.0868,-44.9968,244.8203,-289.9038,0.1,0.06735,-0.05,-2.7104,-820.9108,-1136.904,-1357.9237,-823.6212,-1139.6145,-1360.6763,5.192,0.6778,411,0,0,btcusdt_a,fixed h=10
fixed,queue,0.1,0.00243,30,10,10,1,1000,1769.1,297,149,148,2.91,244820.26,-0.0868,-44.9968,24.482,-69.5656,0.1,0.06735,-0.05,-2.7104,-820.9108,-1136.904,-1357.9237,-823.6212,-1139.6145,-1360.6763,5.192,0.6778,411,0,0,btcusdt_a,fixed h=10
fixed,queue,0.1,0.00243,30,10,10,-0.5,1000,1769.1,297,149,148,2.91,244820.26,-0.0868,-44.9968,-12.241,-32.8425,0.1,0.06735,-0.05,-2.7104,-820.9108,-1136.904,-1357.9237,-823.6212,-1139.6145,-1360.6763,5.192,0.6778,411,0,0,btcusdt_a,fixed h=10
fixed,queue,0.1,0.00243,30,100,10,0,1000,1769.1,297,155,142,2.76,232198.21,2.3718,-39.4601,0.0,-37.0882,0.1,0.0648,-0.04,86.9663,-878.5168,-1169.6044,-1178.6639,-791.5505,-1082.638,-1091.7432,4.493,0.699,442,0,0,btcusdt_a,fixed h=100
fixed,queue,0.1,0.00243,30,100,0,0,1000,1769.1,295,154,141,2.74,230515.24,2.4853,-39.1718,0.0,-36.6865,0.1,0.06492,-0.04,91.4034,-880.9237,-1157.5576,-1148.1684,-789.5203,-1066.1542,-1056.7959,4.524,0.6918,442,0,0,btcusdt_a,fixed h=100
fixed,queue,0.1,0.00243,30,100,50,0,1000,1769.1,301,157,144,2.8,235563.79,1.4091,-38.1954,0.0,-36.7863,0.1,0.06499,-0.04,53.8256,-849.3555,-1138.0399,-1139.3633,-795.5299,-1084.2143,-1085.6933,4.503,0.6995,439,0,0,btcusdt_a,fixed h=100
fixed,queue,0.1,0.00243,30,100,200,0,1000,1769.1,244,131,113,2.17,182557.2,1.4568,-40.3334,0.0,-38.8766,0.1,0.07129,-0.05,67.9877,-889.5574,-1115.5205,-1101.3704,-821.5697,-1047.5328,-1033.5165,5.643,0.6515,326,0,0,btcusdt_a,fixed h=100
fixed,optimistic,0.1,0.00243,30,100,10,0,1000,1769.1,287,141,146,2.76,232198.21,2.3718,-39.4601,0.0,-37.0882,0.1,0.0648,-0.04,86.4948,-853.5732,-1160.3084,-1305.5962,-767.0784,-1073.8136,-1219.1503,4.522,0.699,442,0,0,btcusdt_a,fixed h=100
fixed,queue,0.1,0.00243,30,100,10,10,1000,1769.1,297,155,142,2.76,232198.21,2.3718,-39.4601,232.1982,-269.2864,0.1,0.0648,-0.04,86.9663,-878.5168,-1169.6044,-1178.6639,-791.5505,-1082.638,-1091.7432,4.493,0.699,442,0,0,btcusdt_a,fixed h=100
fixed,queue,0.1,0.00243,30,100,10,1,1000,1769.1,297,155,142,2.76,232198.21,2.3718,-39.4601,23.2198,-60.308,0.1,0.0648,-0.04,86.9663,-878.5168,-1169.6044,-1178.6639,-791.5505,-1082.638,-1091.7432,4.493,0.699,442,0,0,btcusdt_a,fixed h=100
fixed,queue,0.1,0.00243,30,100,10,-0.5,1000,1769.1,297,155,142,2.76,232198.21,2.3718,-39.4601,-11.6099,-25.4783,0.1,0.0648,-0.04,86.9663,-878.5168,-1169.6044,-1178.6639,-791.5505,-1082.638,-1091.7432,4.493,0.699,442,0,0,btcusdt_a,fixed h=100
fixed,queue,0.1,0.00243,30,412,10,0,1000,1769.1,201,97,104,1.99,167428.48,7.4483,-34.1652,0.0,-26.7169,0.1,0.05544,-0.07,374.6692,-1012.5025,-1284.801,-1333.9,-637.8333,-910.1318,-959.42,4.2,0.8052,608,0,0,btcusdt_a,fixed h=412
fixed,queue,0.1,0.00243,30,412,0,0,1000,1769.1,197,95,102,1.95,164061.61,7.521,-32.1918,0.0,-24.6707,0.1,0.05316,-0.07,385.967,-1018.0,-1282.7157,-1284.1378,-632.033,-896.7487,-898.3061,4.077,0.8344,619,0,0,btcusdt_a,fixed h=412
fixed,queue,0.1,0.00243,30,412,50,0,1000,1769.1,216,103,113,2.11021,177540.99,6.8267,-30.143,0.0,-23.3163,0.10021,0.05127,-0.07021,321.213,-940.3981,-1203.4769,-1183.5721,-619.1852,-882.2639,-862.7837,4.125,0.8246,601,0,0,btcusdt_a,fixed h=412
fixed,queue,0.1,0.00243,30,412,200,0,1000,1769.1,177,84,93,1.73,145547.49,5.7379,-36.776,0.0,-31.038,0.1,0.0638,-0.07,328.935,-999.4181,-1268.3446,-1399.6875,-670.4831,-939.4096,-1071.2273,4.997,0.7278,423,0,0,btcusdt_a,fixed h=412
fixed,optimistic,0.1,0.00243,30,412,10,0,1000,1769.1,210,102,108,1.99,167428.48,7.4483,-34.1652,0.0,-26.7169,0.1,0.05544,-0.07,376.2905,-1004.5429,-1242.9238,-1249.5359,-628.2524,-866.6333,-873.4187,4.042,0.8052,608,0,0,btcusdt_a,fixed h=412
fixed,queue,0.1,0.00243,30,412,10,10,1000,1769.1,201,97,104,1.99,167428.48,7.4483,-34.1652,167.4285,-194.1453,0.1,0.05544,-0.07,374.6692,-1012.5025,-1284.801,-1333.9,-637.8333,-910.1318,-959.42,4.2,0.8052,608,0,0,btcusdt_a,fixed h=412
fixed,queue,0.1,0.00243,30,412,10,1,1000,1769.1,201,97,104,1.99,167428.48,7.4483,-34.1652,16.7428,-43.4597,0.1,0.05544,-0.07,374.6692,-1012.5025,-1284.801,-1333.9,-637.8333,-910.1318,-959.42,4.2,0.8052,608,0,0,btcusdt_a,fixed h=412
fixed,queue,0.1,0.00243,30,412,10,-0.5,1000,1769.1,201,97,104,1.99,167428.48,7.4483,-34.1652,-8.3714,-18.3454,0.1,0.05544,-0.07,374.6692,-1012.5025,-1284.801,-1333.9,-637.8333,-910.1318,-959.42,4.2,0.8052,608,0,0,btcusdt_a,fixed h=412
as,queue,9.72e-07,0.00243,30,2,10,0,1000,1769.1,217,107,110,2.01,169111.66,7.4618,-32.0899,0.0,-24.6281,0.1,0.05008,-0.07,373.9839,-1002.6175,-1281.6866,-1285.1157,-628.6336,-907.7028,-911.3657,1.613,0.8387,1769,0,0,btcusdt_a,as g=9.72e-07
as,queue,9.72e-07,0.00243,30,2,0,0,1000,1769.1,210,106,104,1.99,167432.71,7.5368,-28.5905,0.0,-21.0537,0.1,0.04524,-0.07,380.181,-983.6667,-1242.5667,-1271.9282,-603.4857,-862.3857,-891.9593,1.457,0.8891,1712,0,0,btcusdt_a,as g=9.72e-07
as,queue,9.72e-07,0.00243,30,2,50,0,1000,1769.1,221,110,111,2.13,179205.15,6.8261,-30.8109,0.0,-23.9849,0.11,0.0468,-0.07,323.5724,-931.5656,-1222.7919,-1304.0182,-607.9932,-899.2195,-980.9045,1.795,0.8593,1686,0,0,btcusdt_a,as g=9.72e-07
as,queue,9.72e-07,0.00243,30,2,200,0,1000,1769.1,186,92,94,1.81,152279.74,5.5684,-34.8327,0.0,-29.2643,0.1,0.05347,-0.07,310.2097,-967.2849,-1272.2957,-1469.8919,-657.0753,-962.086,-1160.3,1.869,0.8079,1628,0,0,btcusdt_a,as g=9.72e-07
as,optimistic,9.72e-07,0.00243,30,2,10,0,1000,1769.1,227,113,114,2.01,169111.66,7.4618,-32.0899,0.0,-24.6281,0.1,0.05008,-0.07,375.7996,-1000.6872,-1269.8458,-1304.8319,-624.8877,-894.0463,-929.2478,1.59,0.8387,1769,0,0,btcusdt_a,as g=9.72e-07
as,queue,9.72e-07,0.00243,30,2,10,10,1000,1769.1,217,107,110,2.01,169111.66,7.4618,-32.0899,169.1117,-193.7397,0.1,0.05008,-0.07,373.9839,-1002.6175,-1281.6866,-1285.1157,-628.6336,-907.7028,-911.3657,1.613,0.8387,1769,0,0,btcusdt_a,as g=9.72e-07
as,queue,9.72e-07,0.00243,30,2,10,1,1000,1769.1,217,107,110,2.01,169111.66,7.4618,-32.0899,16.9112,-41.5392,0.1,0.05008,-0.07,373.9839,-1002.6175,-1281.6866,-1285.1157,-628.6336,-907.7028,-911.3657,1.613,0.8387,1769,0,0,btcusdt_a,as g=9.72e-07
as,queue,9.72e-07,0.00243,30,2,10,-0.5,1000,1769.1,217,107,110,2.01,169111.66,7.4618,-32.0899,-8.4556,-16.1725,0.1,0.05008,-0.07,373.9839,-1002.6175,-1281.6866,-1285.1157,-628.6336,-907.7028,-911.3657,1.613,0.8387,1769,0,0,btcusdt_a,as g=9.72e-07
as,queue,9.72e-06,0.00243,30,2,10,0,1000,1769.1,231,116,115,2.02,169965.96,7.2479,-32.468,0.0,-25.2201,0.1,0.03294,-0.02,319.9026,-982.9221,-1287.0173,-1321.1826,-663.0195,-967.1147,-1001.8087,0.707,0.9196,8276,0,0,btcusdt_a,as g=9.72e-06
as,queue,9.72e-06,0.00243,30,2,0,0,1000,1769.1,221,119,102,1.97,165761.84,7.3192,-28.6409,0.0,-21.3217,0.1,0.02823,-0.01,339.0656,-1051.6878,-1270.8643,-1151.8773,-712.6222,-931.7986,-813.1864,0.728,0.9704,7795,0,0,btcusdt_a,as g=9.72e-06
as,queue,9.72e-06,0.00243,30,2,50,0,1000,1769.1,259,129,130,2.3,193517.48,6.5973,-32.1744,0.0,-25.5771,0.1,0.03343,-0.02,275.0985,-971.6409,-1220.5792,-1362.0039,-696.5425,-945.4807,-1087.5504,0.676,0.9674,8428,0,0,btcusdt_a,as g=9.72e-06
as,queue,9.72e-06,0.00243,30,2,200,0,1000,1769.1,213,105,108,2.04,171638.01,5.5801,-32.7579,0.0,-27.1778,0.11,0.04162,-0.06,275.2371,-942.0141,-1205.892,-1275.0094,-666.777,-930.6549,-1000.9245,0.653,0.8685,6138,0,0,btcusdt_a,as g=9.72e-06
as,optimistic,9.72e-06,0.00243,30,2,10,0,1000,1769.1,280,161,119,2.13536,179676.27,7.5439,-33.1608,0.0,-25.617,0.10821,0.03101,-0.00106,285.625,-899.725,-1141.2214,-811.2867,-614.1,-855.5964,-526.0842,0.659,0.9596,8072,0,0,btcusdt_a,as g=9.72e-06
as,queue,9.72e-06,0.00243,30,2,10,10,1000,1769.1,231,116,115,2.02,169965.96,7.2479,-32.468,169.966,-195.1861,0.1,0.03294,-0.02,319.9026,-982.9221,-1287.0173,-1321.1826,-663.0195,-967.1147,-1001.8087,0.707,0.9196,8276,0,0,btcusdt_a,as g=9.72e-06
as,queue,9.72e-06,0.00243,30,2,10,1,1000,1769.1,231,116,115,2.02,169965.96,7.2479,-32.468,16.9966,-42.2167,0.1,0.03294,-0.02,319.9026,-982.9221,-1287.0173,-1321.1826,-663.0195,-967.1147,-1001.8087,0.707,0.9196,8276,0,0,btcusdt_a,as g=9.72e-06
as,queue,9.72e-06,0.00243,30,2,10,-0.5,1000,1769.1,231,116,115,2.02,169965.96,7.2479,-32.468,-8.4983,-16.7218,0.1,0.03294,-0.02,319.9026,-982.9221,-1287.0173,-1321.1826,-663.0195,-967.1147,-1001.8087,0.707,0.9196,8276,0,0,btcusdt_a,as g=9.72e-06
as,queue,9.72e-05,0.00243,30,2,10,0,1000,1769.1,164,98,66,1.31,110231.38,4.2615,-22.4466,0.0,-18.1851,0.05,0.01209,0.01,262.875,-937.0335,-1194.6372,-1255.1074,-674.1585,-931.7622,-991.2853,0.724,0.9763,18293,0,0,btcusdt_a,as g=9.72e-05
as,queue,9.72e-05,0.00243,30,2,0,0,1000,1769.1,153,88,65,1.29,108544.91,4.5938,-20.3574,0.0,-15.7636,0.04,0.01074,0.01,303.4641,-987.1471,-1205.0229,-1077.3125,-683.683,-901.5588,-772.5658,0.822,0.9758,17908,0,0,btcusdt_a,as g=9.72e-05
as,queue,9.72e-05,0.00243,30,2,50,0,1000,1769.1,190,110,80,1.51,127052.15,3.4804,-24.2246,0.0,-20.7443,0.05,0.0144,0.01,185.4368,-937.7316,-1181.2842,-881.6455,-752.2947,-995.8474,-695.8016,1.289,0.9764,18406,0,0,btcusdt_a,as g=9.72e-05
as,queue,9.72e-05,0.00243,30,2,200,0,1000,1769.1,169,93,76,1.45,122001.26,2.8288,-22.0634,0.0,-19.2346,0.05,0.01467,0.01,176.8905,-942.7988,-1237.8935,-1347.7321,-765.9083,-1061.003,-1170.4345,1.473,0.968,9177,0,0,btcusdt_a,as g=9.72e-05
as,optimistic,9.72e-05,0.00243,30,2,10,0,1000,1769.1,251,153,98,1.59615,134309.86,5.226,-19.1869,0.0,-13.9609,0.03932,0.00912,0.00581,234.6554,-624.0876,-865.9641,-1043.964,-389.4323,-631.3088,-809.14,0.61,0.9751,17247,0,0,btcusdt_a,as g=9.72e-05
as,queue,9.72e-05,0.00243,30,2,10,10,1000,1769.1,164,98,66,1.31,110231.38,4.2615,-22.4466,110.2314,-128.4165,0.05,0.01209,0.01,262.875,-937.0335,-1194.6372,-1255.1074,-674.1585,-931.7622,-991.2853,0.724,0.9763,18293,0,0,btcusdt_a,as g=9.72e-05
as,queue,9.72e-05,0.00243,30,2,10,1,1000,1769.1,164,98,66,1.31,110231.38,4.2615,-22.4466,11.0231,-29.2083,0.05,0.01209,0.01,262.875,-937.0335,-1194.6372,-1255.1074,-674.1585,-931.7622,-991.2853,0.724,0.9763,18293,0,0,btcusdt_a,as g=9.72e-05
as,queue,9.72e-05,0.00243,30,2,10,-0.5,1000,1769.1,164,98,66,1.31,110231.38,4.2615,-22.4466,-5.5116,-12.6736,0.05,0.01209,0.01,262.875,-937.0335,-1194.6372,-1255.1074,-674.1585,-931.7622,-991.2853,0.724,0.9763,18293,0,0,btcusdt_a,as g=9.72e-05
as,queue,0.000972,0.00243,30,2,10,0,1000,1769.1,66,34,32,0.57586,48445.69,1.9587,-8.9207,0.0,-6.962,0.02,0.00451,-0.00338,296.8333,-828.6364,-967.7727,-1033.6,-531.803,-670.9394,-732.6538,2.756,0.9803,27358,0,0,btcusdt_a,as g=0.000972
as,queue,0.000972,0.00243,30,2,0,0,1000,1769.1,64,33,31,0.55586,46762.54,1.8852,-8.6048,0.0,-6.7196,0.02,0.0045,-0.00338,294.625,-804.0469,-974.4375,-1009.9524,-509.4219,-679.8125,-711.119,2.828,0.9804,27393,0,0,btcusdt_a,as g=0.000972
as,queue,0.000972,0.00243,30,2,50,0,1000,1769.1,113,43,70,0.74385,62586.59,1.5181,-10.4943,0.0,-8.9762,0.03,0.00635,-0.00443,134.5177,-516.6106,-773.6195,-2332.4464,-382.0929,-639.1018,-2198.8125,2.285,0.9798,25539,0,0,btcusdt_a,as g=0.000972
as,queue,0.000972,0.00243,30,2,200,0,1000,1769.1,80,44,36,0.58583,49298.21,1.3628,-8.6025,0.0,-7.2397,0.02583,0.00423,-0.00583,170.4875,-814.7625,-974.925,-605.8734,-644.275,-804.4375,-439.7025,3.619,0.9767,11355,0,0,btcusdt_a,as g=0.000972
as,optimistic,0.000972,0.00243,30,2,10,0,1000,1769.1,112,57,55,0.84605,71176.32,2.477,-7.9107,0.0,-5.4337,0.01568,0.00286,0.00107,232.3571,-450.2589,-466.4732,-714.8125,-217.9018,-234.1161,-482.4554,0.374,0.979,27296,0,0,btcusdt_a,as g=0.000972
as,queue,0.000972,0.00243,30,2,10,10,1000,1769.1,66,34,32,0.57586,48445.69,1.9587,-8.9207,48.4457,-55.4077,0.02,0.00451,-0.00338,296.8333,-828.6364,-967.7727,-1033.6,-531.803,-670.9394,-732.6538,2.756,0.9803,27358,0,0,btcusdt_a,as g=0.000972
as,queue,0.000972,0.00243,30,2,10,1,1000,1769.1,66,34,32,0.57586,48445.69,1.9587,-8.9207,4.8446,-11.8066,0.02,0.00451,-0.00338,296.8333,-828.6364,-967.7727,-1033.6,-531.803,-670.9394,-732.6538,2.756,0.9803,27358,0,0,btcusdt_a,as g=0.000972
as,queue,0.000972,0.00243,30,2,10,-0.5,1000,1769.1,66,34,32,0.57586,48445.69,1.9587,-8.9207,-2.4223,-4.5397,0.02,0.00451,-0.00338,296.8333,-828.6364,-967.7727,-1033.6,-531.803,-670.9394,-732.6538,2.756,0.9803,27358,0,0,btcusdt_a,as g=0.000972
